Woreda,Kebele,Crop,Latitude,Longitude
Deder,Dire Welteha,Maize,9.2366658,41.4891605
Meta,Hakabas,Khat,9.4518438,41.5927704
Fedis,Kerensa Lencho,Khat,9.14642,42.1213575
Meta,Hakabas,Khat,9.4519446,41.5956587
Fedis,Aneni,Maize,9.0219528,42.0942614
Fedis,Aneni,Haricot_Bean,9.0219528,42.0942614
Meta,Hakabas,Maize,9.4345548,41.5966919
Meta,Hakabas,Sorghum,9.434533,41.5966889
Meta,Hakabas,Haricot_Bean,9.4347795,41.5969414
Meta,Hakabas,Khat,9.4347864,41.5969131
Chinakesen,Mudi Dawe,Wheat,9.5398896,42.4047455
Meta,Dhoqe #2,Khat,9.4323502,41.5708035
Fedis,Kerensa Lencho,Maize,9.1478303,42.1177526
Fedis,Kerensa Lencho,Sorghum,9.1478303,42.1177526
Meta,Dhoqe #2,Maize,9.4312741,41.5631928
Meta,Dhoqe #2,Khat,9.4312587,41.5631902
Melka Belo,Burika Negeya,Maize,9.1706103,41.3053286
Melka Belo,Burika Negeya,Khat,9.1706103,41.3053286
Jarso,Weltehi,Maize,9.4428013,42.2643681
Jarso,Weltehi,Potato,9.4428013,42.2643681
Jarso,Weltehi,Khat,9.4469775,42.2566223
Chinakesen,Lugo,Wheat,9.521145,42.6076
Chinakesen,Yugyug,Wheat,9.5341148,42.6254073
Fedis,Negeya Umerkule,Sorghum,9.1358525,42.0602262
Jarso,Gara Abdula,Wheat,9.4638793,42.2338644
Jarso,Gara Abdula,Potato,9.4638619,42.2338788
Jarso,Gara Abdula,Khat,9.4675372,42.2333663
Fedis,Kerensa Lencho,Maize,9.1479297,42.1181308
Fedis,Kerensa Lencho,Sorghum,9.1479297,42.1181308
Gursum,Harashi,Khat,9.3870808,42.3507034
Melka Belo,Boko Jalela,Sorghum,9.1758176,41.3048696
Melka Belo,Boko Jalela,Maize,9.1177426,41.4146904
Melka Belo,Boko Jalela,Sorghum,9.1177426,41.4146904
Chinakesen,Yugyug,Wheat,9.5468036,42.6368794
Jarso,Gara Abdula,Wheat,9.4467502,42.2458705
Jarso,Gara Abdula,Khat,9.4467502,42.2458705
Fedis,Kufa Bobasa,Maize,9.005194,42.2213218
Meta,Hakabas,Maize,9.4504828,41.6044763
Meta,Hakabas,Sorghum,9.4505573,41.6044232
Meta,Hakabas,Haricot_Bean,9.4505018,41.6044232
Meta,Hakabas,Khat,9.4505406,41.6044371
Chinakesen,Yugyug,Sorghum,9.5419276,42.6340036
Chinakesen,Yugyug,Wheat,9.5410959,42.6339557
Fedis,Aneni,Sorghum,9.0138402,42.1021617
Fedis,Aneni,Khat,9.0132473,42.1023179
Deder,Dire Welteha,Maize,9.2312303,41.4879562
Chinakesen,Godagorez,Wheat,9.458627,42.6260953
Chinakesen,Godagorez,Maize,9.4555045,42.6277041
Babile,Nejata Gemechis,Sorghum,9.1692472,42.1704234
Jarso,Bedesa,Maize,9.4437181,42.316158
Jarso,Bedesa,Wheat,9.4437181,42.316158
Jarso,Bedesa,Potato,9.4437181,42.316158
Gursum,Harashi,Maize,9.3815452,42.3576215
Gursum,Harashi,Khat,9.3815452,42.3576215
Babile,Ifedin,Sorghum,9.1967873,42.2497642
Gursum,Harashi,Maize,9.39003,42.3533071
Gursum,Harashi,Khat,9.39003,42.3533071
Melka Belo,Burika Negeya,Maize,9.1672775,41.2813356
Melka Belo,Burika Negeya,Khat,9.1672775,41.2813356
Babile,Ifedin,Sorghum,9.2016457,42.1968515
Babile,Ifedin,Ground_Nut,9.2016457,42.1968515
Babile,Ifedin,Khat,9.2016457,42.1968515
Chinakesen,Mudi Dawe,Maize,9.5503432,42.409524
Chinakesen,Mudi Dawe,Sorghum,9.5503432,42.409524
Chinakesen,Mudi Dawe,Haricot_Bean,9.5513656,42.4072768
Chinakesen,Yugyug,Wheat,9.5496432,42.6341267
Gursum,Harashi,Maize,9.3788322,42.3563671
Gursum,Harashi,Khat,9.3788322,42.3563671
Melka Belo,Boko Jalela,Maize,9.0797166,41.4340051
Melka Belo,Burika Negeya,Maize,9.1679899,41.281283
Melka Belo,Burika Negeya,Sorghum,9.1679899,41.281283
Melka Belo,Burika Negeya,Khat,9.1679899,41.281283
Fedis,Kerensa Lencho,Maize,9.144639,42.0877085
Fedis,Kerensa Lencho,Sorghum,9.1445664,42.0882416
Fedis,Kerensa Lencho,Sorghum,9.1498503,42.1135348
Fedis,Kerensa Lencho,Khat,9.1498503,42.1135348
Melka Belo,Burika Negeya,Maize,9.1758176,41.3048696
Melka Belo,Burika Negeya,Khat,9.1758176,41.3048696
Midega Tola,Bilisuma,Maize,8.8290145,42.1610259
Midega Tola,Bilisuma,Sorghum,8.8292452,42.1614677
Midega Tola,Bilisuma,Ground_Nut,8.8301946,42.1517997
Chinakesen,Godagorez,Maize,9.4655062,42.6161386
Chinakesen,Godagorez,Wheat,9.4651155,42.6193588
Jarso,Weltehi,Maize,9.4278008,42.294396
Jarso,Weltehi,Khat,9.4278008,42.294396
Melka Belo,Boko Jalela,Maize,9.1758176,41.3048696
Chinakesen,Mudi Dawe,Wheat,9.5428379,42.423849
Melka Belo,Burika Negeya,Maize,9.1669639,41.2808906
Melka Belo,Burika Negeya,Khat,9.1669639,41.2808906
Chinakesen,Godagorez,Maize,9.4639773,42.6192408
Meta,Waybar,Maize,9.4583253,41.557531
Meta,Waybar,Khat,9.4583253,41.557531
Chinakesen,Lugo,Wheat,9.5203578,42.6030791
Chinakesen,Lugo,Wheat,9.5186219,42.6000466
Chinakesen,Lugo,Khat,9.5186219,42.6000466
Chinakesen,Lugo,Wheat,9.5167155,42.5819065
Chinakesen,Lugo,Khat,9.5168238,42.5818944
Jarso,Gara Abdula,Maize,9.4590021,42.2395779
Jarso,Gara Abdula,Wheat,9.4591839,42.2397177
Jarso,Gara Abdula,Potato,9.4590021,42.2395779
Jarso,Gara Abdula,Khat,9.4576423,42.2393643
Meta,Hakabas,Khat,9.4530768,41.5911858
Fedis,Kufa Bobasa,Maize,9.0189868,42.2283455
Fedis,Kufa Bobasa,Sorghum,9.0189868,42.2283455
Fedis,Kufa Bobasa,Khat,9.0193592,42.2281656
Fedis,Aneni,Maize,9.0047526,42.0537621
Fedis,Aneni,Sorghum,9.0047526,42.0537621
Meta,Waybar,Maize,9.4662023,41.5414597
Meta,Waybar,Khat,9.4662023,41.5414597
Fedis,Kerensa Lencho,Maize,9.1537222,42.0925757
Fedis,Kerensa Lencho,Sorghum,9.1537128,42.0926187
Meta,Hakabas,Sorghum,9.4415804,41.6017325
Meta,Hakabas,Haricot_Bean,9.4415719,41.6017405
Meta,Hakabas,Khat,9.4415275,41.6017612
Chinakesen,Lugo,Wheat,9.5221463,42.6032723
Fedis,Kufa Bobasa,Maize,9.0169515,42.216721
Fedis,Kufa Bobasa,Sorghum,9.0168492,42.2171247
Fedis,Kufa Bobasa,Haricot_Bean,9.0169515,42.216721
Fedis,Kufa Bobasa,Ground_Nut,9.0169515,42.216721
Fedis,Kufa Bobasa,Khat,9.0178572,42.2236308
Fedis,Kufa Bobasa,Maize,8.9687663,42.2567005
Chinakesen,Mudi Dawe,Maize,9.5516524,42.4036718
Chinakesen,Mudi Dawe,Khat,9.5516524,42.4036718
Fedis,Kerensa Lencho,Maize,9.1496473,42.1449443
Fedis,Kerensa Lencho,Sorghum,9.14957,42.1449053
Gursum,Harashi,Maize,9.3965151,42.3555773
Melka Belo,Burika Negeya,Maize,9.1637776,41.2962411
Melka Belo,Burika Negeya,Sorghum,9.1637776,41.2962411
Chinakesen,Yugyug,Maize,9.5384557,42.6200689
Chinakesen,Yugyug,Wheat,9.5384378,42.6199958
Deder,Dire Welteha,Maize,9.2347872,41.4795575
Deder,Dire Welteha,Khat,9.2347233,41.4797516
Chinakesen,Godagorez,Maize,9.4525498,42.6120006
Chinakesen,Godagorez,Sorghum,9.4525498,42.6120006
Chinakesen,Godagorez,Khat,9.4525498,42.6120006
Melka Belo,Boko Jalela,Maize,9.0898242,41.4320056
Melka Belo,Boko Jalela,Sorghum,9.0898242,41.4320056
Fedis,Kufa Bobasa,Maize,9.0066485,42.2187853
Fedis,Kufa Bobasa,Sorghum,9.0066485,42.2187853
Deder,Cheka Gemechu,Maize,9.2905564,41.3409893
Gursum,Harashi,Maize,9.377261,42.3602988
Gursum,Harashi,Khat,9.377261,42.3602988
Fedis,Negeya Umerkule,Khat,9.1649035,42.0894206
Chinakesen,Lugo,Wheat,9.5158864,42.5895974
Chinakesen,Yugyug,Wheat,9.5364651,42.6222947
Chinakesen,Lugo,Wheat,9.5180692,42.5976404
Babile,Tula,Sorghum,9.2111267,42.2925401
Babile,Nejata Gemechis,Sorghum,9.1869045,42.1696395
Babile,Nejata Gemechis,Khat,9.1869045,42.1696395
Chinakesen,Godagorez,Sorghum,9.4585969,42.6279506
Chinakesen,Mudi Dawe,Wheat,9.5435615,42.4238025
Jarso,Weltehi,Maize,9.4172723,42.2766084
Jarso,Weltehi,Khat,9.4172723,42.2766084
Babile,Nejata Gemechis,Sorghum,9.1453696,42.1741046
Meta,Hakabas,Maize,9.4341831,41.5809566
Meta,Hakabas,Sorghum,9.4340903,41.5807766
Midega Tola,Bilisuma,Maize,8.8283721,42.1697524
Midega Tola,Bilisuma,Sorghum,8.8271647,42.17024
Midega Tola,Bilisuma,Khat,8.8283721,42.1697524
Midega Tola,Bilisuma,Maize,8.8248347,42.1478085
Midega Tola,Bilisuma,Sorghum,8.8248706,42.1478055
Fedis,Aneni,Sorghum,9.0300586,42.0918261
Fedis,Aneni,Khat,9.0300586,42.0918261
Midega Tola,Bilisuma,Maize,8.7884561,42.1918083
Midega Tola,Bilisuma,Sorghum,8.7884562,42.191833
Melka Belo,Burika Negeya,Maize,9.1728068,41.3022063
Melka Belo,Burika Negeya,Khat,9.1728068,41.3022063
Babile,Tula,Sorghum,9.2140979,42.2845958
Babile,Tula,Ground_Nut,9.2166342,42.2886981
Gursum,Harashi,Maize,9.3905702,42.3565605
Gursum,Harashi,Khat,9.3905702,42.3565605
Fedis,Kufa Bobasa,Maize,9.0525544,42.1997226
Fedis,Kufa Bobasa,Sorghum,9.0525544,42.1997226
Fedis,Kufa Bobasa,Ground_Nut,9.0525544,42.1997226
Fedis,Kufa Bobasa,Khat,9.0525544,42.1997226
Babile,Ifedin,Sorghum,9.191727,42.1882598
Babile,Ifedin,Khat,9.1915469,42.1889215
Melka Belo,Burika Negeya,Potato,9.1778143,41.3212785
Deder,Cheka Gemechu,Maize,9.2694816,41.3386948
Deder,Cheka Gemechu,Potato,9.2694816,41.3386948
Melka Belo,Burika Negeya,Maize,9.1848444,41.3214606
Chinakesen,Yugyug,Wheat,9.5341393,42.6233129
Fedis,Kerensa Lencho,Sorghum,9.1607604,42.1326733
Gursum,Harashi,Maize,9.3807932,42.3606425
Gursum,Harashi,Khat,9.3807932,42.3606425
Fedis,Kufa Bobasa,Maize,9.0189868,42.2583455
Fedis,Aneni,Maize,9.0278953,42.0908704
Fedis,Aneni,Maize,8.9477304,42.0421356
Deder,Dire Welteha,Maize,9.2360879,41.4756237
Deder,Dire Welteha,Sorghum,9.2360879,41.4756237
Deder,Dire Welteha,Potato,9.2360879,41.4756237
Deder,Dire Welteha,Khat,9.2360879,41.4756237
Chinakesen,Mudi Dawe,Wheat,9.5472102,42.3929192
Chinakesen,Mudi Dawe,Khat,9.546977,42.3928529
Melka Belo,Boko Jalela,Maize,9.1140991,41.4154642
Jarso,Weltehi,Maize,9.4100205,42.2694746
Jarso,Weltehi,Khat,9.4100205,42.2694746
Jarso,Gara Abdula,Maize,9.4433473,42.2476935
Jarso,Gara Abdula,Khat,9.4438013,42.247155
Jarso,Mulata,Maize,9.5952868,42.2086829
Jarso,Mulata,Ground_Nut,9.5951455,42.2087783
Melka Belo,Burika Negeya,Maize,9.1749019,41.283578
Melka Belo,Burika Negeya,Haricot_Bean,9.1749019,41.283578
Deder,Cheka Gemechu,Maize,9.2730245,41.313784
Deder,Cheka Gemechu,Sorghum,9.2730245,41.313784
Gursum,Harashi,Maize,9.379795,42.3606151
Gursum,Harashi,Khat,9.379795,42.3606151
Midega Tola,Bilisuma,Maize,8.7886636,42.1919951
Midega Tola,Bilisuma,Sorghum,8.7886552,42.191989
Chinakesen,Yugyug,Sorghum,9.5388169,42.640213
Chinakesen,Yugyug,Wheat,9.5386472,42.6383069
Melka Belo,Boko Jalela,Maize,9.11133,41.4087936
Melka Belo,Boko Jalela,Sorghum,9.11133,41.4087936
Melka Belo,Boko Jalela,Haricot_Bean,9.11133,41.4087936
Jarso,Bedesa,Maize,9.4410547,42.2965795
Jarso,Bedesa,Khat,9.4410547,42.2965795
Meta,Hakabas,Maize,9.4397252,41.5893043
Meta,Hakabas,Haricot_Bean,9.4397035,41.589294
Meta,Hakabas,Khat,9.4397003,41.5892397
Meta,Waybar,Maize,9.4712116,41.5411065
Meta,Waybar,Sorghum,9.4712116,41.5411065
Meta,Waybar,Haricot_Bean,9.4712116,41.5411065
Meta,Waybar,Khat,9.4712116,41.5411065
Deder,Cheka Gemechu,Maize,9.2733613,41.3342086
Jarso,Gara Abdula,Maize,9.4598923,42.2324255
Jarso,Gara Abdula,Wheat,9.4588215,42.2310468
Jarso,Gara Abdula,Potato,9.4587595,42.2310389
Jarso,Gara Abdula,Khat,9.4586837,42.2308423
Jarso,Mulata,Sorghum,9.6043626,42.2441804
Jarso,Mulata,Khat,9.6041881,42.2444201
Fedis,Aneni,Maize,9.006714,42.0758606
Fedis,Aneni,Sorghum,9.006714,42.0758606
Fedis,Aneni,Ground_Nut,9.006714,42.0758606
Fedis,Aneni,Khat,9.006714,42.0758606
Jarso,Gara Abdula,Wheat,9.4573488,42.2326905
Jarso,Gara Abdula,Potato,9.4573488,42.2326905
Jarso,Gara Abdula,Khat,9.4573488,42.2326905
Jarso,Gara Abdula,Maize,9.4592444,42.2471274
Jarso,Gara Abdula,Potato,9.4592444,42.2471274
Jarso,Gara Abdula,Khat,9.4592444,42.2471274
Meta,Dhoqe #2,Maize,9.4439389,41.564817
Meta,Dhoqe #2,Khat,9.4439389,41.564817
Fedis,Aneni,Maize,8.9628183,42.0401947
Fedis,Aneni,Sorghum,8.9628183,42.0401947
Melka Belo,Burika Negeya,Maize,9.1781451,41.3210944
Meta,Hakabas,Maize,9.4516565,41.6070162
Meta,Hakabas,Khat,9.4516765,41.606985
Babile,Nejata Gemechis,Sorghum,9.1598235,42.1901517
Meta,Dhoqe #2,Maize,9.4368388,41.5555919
Meta,Dhoqe #2,Sorghum,9.4368444,41.5556021
Meta,Dhoqe #2,Khat,9.4368388,41.5555919
Meta,Dhoqe #2,Maize,9.450634,41.5759244
Meta,Dhoqe #2,Sorghum,9.4506448,41.5758891
Meta,Dhoqe #2,Haricot_Bean,9.4504911,41.5759725
Meta,Dhoqe #2,Khat,9.4505787,41.5758846
Deder,Cheka Gemechu,Sorghum,9.2739487,41.3244998
Deder,Cheka Gemechu,Khat,9.2739487,41.3244998
Babile,Tula,Sorghum,9.2100137,42.2878064
Deder,Dire Welteha,Sorghum,9.2573655,41.4843261
Jarso,Mulata,Sorghum,9.5774452,42.2415237
Jarso,Mulata,Wheat,9.5775184,42.2408659
Jarso,Mulata,Sorghum,9.6107632,42.2365495
Gursum,Harashi,Maize,9.3916277,42.3547108
Gursum,Harashi,Khat,9.3874875,42.358164
Fedis,Kerensa Lencho,Maize,9.1471796,42.1192647
Babile,Ifedin,Maize,9.220119,42.2436396
Fedis,Kerensa Lencho,Maize,9.1578889,42.114722
Fedis,Kerensa Lencho,Sorghum,9.158084,42.1147008
Fedis,Aneni,Maize,8.9676966,42.0417266
Fedis,Aneni,Khat,8.9674481,42.0412672
Chinakesen,Lugo,Wheat,9.5164288,42.6036093
Chinakesen,Lugo,Khat,9.5165516,42.6032357
Gursum,Harashi,Maize,9.3857834,42.3579049
Gursum,Harashi,Khat,9.3857834,42.3579049
Chinakesen,Lugo,Wheat,9.5125693,42.5868564
Meta,Waybar,Sorghum,9.4547057,41.5483387
Meta,Dhoqe #2,Maize,9.4270276,41.5677794
Meta,Dhoqe #2,Sorghum,9.4270276,41.5677794
Midega Tola,Bilisuma,Maize,8.8310384,42.1603837
Midega Tola,Bilisuma,Sorghum,8.8312504,42.1607964
Midega Tola,Bilisuma,Ground_Nut,8.8313454,42.1611819
Midega Tola,Bilisuma,Onion,8.8313454,42.1611819
Babile,Tula,Sorghum,9.2096605,42.3075328
Babile,Tula,Ground_Nut,9.20618,42.3182093
Babile,Tula,Sorghum,9.2020391,42.3120357
Babile,Tula,Ground_Nut,9.2020391,42.3120357
Babile,Tula,Khat,9.2020391,42.3120357
Fedis,Negeya Umerkule,Maize,9.1387549,42.066297
Fedis,Negeya Umerkule,Sorghum,9.138698,42.0662091
Fedis,Negeya Umerkule,Khat,9.138698,42.0662091
Jarso,Bedesa,Maize,9.4520331,42.3254161
Jarso,Bedesa,Wheat,9.4520507,42.3254301
Jarso,Mulata,Maize,9.5883209,42.2312165
Jarso,Mulata,Sorghum,9.5883209,42.2312165
Jarso,Mulata,Ground_Nut,9.5863917,42.2327362
Chinakesen,Godagorez,Maize,9.4521537,42.6232793
Chinakesen,Godagorez,Khat,9.4521537,42.6232793
Babile,Tula,Sorghum,9.2095293,42.308162
Babile,Tula,Ground_Nut,9.2095783,42.3084212
Deder,Dire Welteha,Maize,9.208662,41.4796675
Deder,Dire Welteha,Potato,9.208662,41.4796675
Jarso,Bedesa,Maize,9.4389006,42.3079613
Jarso,Bedesa,Khat,9.4389006,42.3079613
Babile,Nejata Gemechis,Sorghum,9.154644,42.1816802
Babile,Nejata Gemechis,Khat,9.1545965,42.1815903
Babile,Nejata Gemechis,Sorghum,9.1810107,42.1589772
Babile,Nejata Gemechis,Sorghum,9.1673398,42.166996
Babile,Nejata Gemechis,Sorghum,9.146859,42.1870111
Babile,Nejata Gemechis,Khat,9.1465856,42.1867713
Chinakesen,Lugo,Wheat,9.456534,42.6265078
Melka Belo,Burika Negeya,Maize,9.376346,41.4728421
Melka Belo,Burika Negeya,Khat,9.376346,41.4728421
Jarso,Gara Abdula,Wheat,9.4715919,42.2356472
Gursum,Harashi,Maize,9.4080172,42.3453716
Gursum,Harashi,Khat,9.4080172,42.3453716
Jarso,Mulata,Maize,9.5891649,42.1976348
Meta,Dhoqe #2,Maize,9.4272149,41.5594338
Meta,Dhoqe #2,Khat,9.4272149,41.5594338
Deder,Cheka Gemechu,Maize,9.2705677,41.3460522
Deder,Cheka Gemechu,Potato,9.2703546,41.3451037
Babile,Ifedin,Sorghum,9.1888685,42.2333855
Fedis,Aneni,Sorghum,9.0219704,42.0942243
Meta,Waybar,Maize,9.4583253,41.557531
Meta,Waybar,Khat,9.4583253,41.557531
Jarso,Weltehi,Maize,9.4413446,42.2586103
Jarso,Weltehi,Wheat,9.4413446,42.2586103
Jarso,Weltehi,Potato,9.4414583,42.2586199
Jarso,Weltehi,Khat,9.4413446,42.2586103
Deder,Cheka Gemechu,Maize,9.2726054,41.3170259
Chinakesen,Lugo,Wheat,9.5158784,42.5981081
Fedis,Kufa Bobasa,Maize,8.9963203,42.225754
Fedis,Kufa Bobasa,Sorghum,8.9963203,42.225754
Melka Belo,Boko Jalela,Sorghum,9.0882579,41.4136605
Melka Belo,Boko Jalela,Ground_Nut,9.0882579,41.4136605
Fedis,Kerensa Lencho,Maize,9.1461935,42.1199169
Fedis,Kerensa Lencho,Sorghum,9.1461935,42.1199169
Fedis,Kerensa Lencho,Khat,9.1461935,42.1199169
Fedis,Kerensa Lencho,Sorghum,9.1529326,42.1222166
Fedis,Kerensa Lencho,Khat,9.1529326,42.1222166
Gursum,Harashi,Maize,9.3843725,42.3582936
Gursum,Harashi,Haricot_Bean,9.3843725,42.3582936
Gursum,Harashi,Khat,9.3843725,42.3582936
Chinakesen,Yugyug,Wheat,9.5305021,42.6246832
Deder,Dire Welteha,Maize,9.2461066,41.4705102
Deder,Dire Welteha,Khat,9.2461066,41.4705102
Fedis,Kufa Bobasa,Maize,9.0436925,42.2026224
Fedis,Kufa Bobasa,Sorghum,9.0436925,42.2026224
Fedis,Kufa Bobasa,Khat,9.0436925,42.2026224
Melka Belo,Burika Negeya,Maize,9.1711265,41.3057033
Melka Belo,Burika Negeya,Khat,9.1711265,41.3057033
Fedis,Negeya Umerkule,Maize,9.1715824,42.0825346
Fedis,Negeya Umerkule,Sorghum,9.1715745,42.0824903
Fedis,Negeya Umerkule,Khat,9.1715772,42.0825009
Meta,Waybar,Maize,9.4771208,41.552936
Meta,Waybar,Sorghum,9.477137,41.5529513
Meta,Waybar,Khat,9.4771208,41.552936
Jarso,Bedesa,Maize,9.4372073,42.3053732
Jarso,Bedesa,Khat,9.4372073,42.3053732
Melka Belo,Boko Jalela,Maize,9.1095957,41.4202913
Melka Belo,Boko Jalela,Sorghum,9.1095957,41.4202913
Babile,Tula,Maize,9.2069668,42.3195993
Babile,Tula,Sorghum,9.2069723,42.3195921
Jarso,Weltehi,Maize,9.4138426,42.2676701
Jarso,Weltehi,Haricot_Bean,9.4138426,42.2676701
Jarso,Weltehi,Khat,9.4138426,42.2676701
Midega Tola,Bilisuma,Maize,8.83579,42.1495122
Midega Tola,Bilisuma,Sorghum,8.8329621,42.1599556
Midega Tola,Bilisuma,Ground_Nut,8.833102,42.1599937
Melka Belo,Burika Negeya,Maize,9.16059,41.2778864
Melka Belo,Burika Negeya,Wheat,9.1606958,41.2776427
Babile,Nejata Gemechis,Sorghum,9.1438234,42.1887641
Midega Tola,Bilisuma,Maize,8.8060221,42.1603113
Fedis,Kerensa Lencho,Maize,9.149964,42.1178523
Fedis,Kerensa Lencho,Sorghum,9.149964,42.1178523
Chinakesen,Yugyug,Wheat,9.5357799,42.6235626
Fedis,Negeya Umerkule,Khat,9.1513832,42.084555
Chinakesen,Mudi Dawe,Haricot_Bean,9.548052,42.392349
Chinakesen,Mudi Dawe,Khat,9.5476067,42.3922505
Midega Tola,Bilisuma,Sorghum,8.8000066,42.1633322
Fedis,Kerensa Lencho,Maize,9.1634556,42.1333536
Fedis,Kerensa Lencho,Sorghum,9.1638167,42.134857
Fedis,Kerensa Lencho,Haricot_Bean,9.1639399,42.1351442
Meta,Hakabas,Maize,9.4319207,41.5828969
Meta,Hakabas,Sorghum,9.4318092,41.5829122
Meta,Hakabas,Haricot_Bean,9.431852,41.5829634
Meta,Hakabas,Khat,9.4318405,41.5829101
Jarso,Weltehi,Maize,9.4226656,42.2569231
Jarso,Weltehi,Khat,9.4226731,42.2563372
Jarso,Bedesa,Wheat,9.451061,42.305434
Jarso,Bedesa,Khat,9.451061,42.305434
Jarso,Bedesa,Maize,9.4475263,42.3266296
Jarso,Bedesa,Potato,9.4473143,42.3266979
Deder,Cheka Gemechu,Maize,9.2782112,41.3461438
Deder,Cheka Gemechu,Khat,9.2780511,41.346208
Jarso,Weltehi,Maize,9.4310427,42.2735599
Jarso,Weltehi,Khat,9.4310427,42.2735599
Gursum,Harashi,Maize,9.3820131,42.3581783
Gursum,Harashi,Khat,9.3820131,42.3581783
Midega Tola,Bilisuma,Maize,8.7961314,42.1556367
Midega Tola,Bilisuma,Sorghum,8.7962364,42.1558882
Midega Tola,Bilisuma,Ground_Nut,8.7963196,42.1559221
Meta,Dhoqe #2,Maize,9.4338066,41.5760487
Meta,Dhoqe #2,Khat,9.4337235,41.5761201
Fedis,Negeya Umerkule,Maize,9.1580733,42.0876795
Fedis,Negeya Umerkule,Sorghum,9.1580733,42.0876795
Fedis,Negeya Umerkule,Khat,9.1580733,42.0876795
Gursum,Harashi,Maize,9.4010607,42.3454531
Gursum,Harashi,Khat,9.4010607,42.3454531
Babile,Tula,Maize,9.2086463,42.3248685
Babile,Tula,Sorghum,9.2087096,42.3248171
Babile,Ifedin,Sorghum,9.2111405,42.2340998
Jarso,Bedesa,Maize,9.4386443,42.3107715
Jarso,Bedesa,Potato,9.4417302,42.3095565
Jarso,Bedesa,Khat,9.4386443,42.3107715
Melka Belo,Boko Jalela,Sorghum,9.1227156,41.4117223
Deder,Dire Welteha,Maize,9.2158725,41.4789737
Deder,Dire Welteha,Sorghum,9.2158725,41.4789737
Fedis,Kufa Bobasa,Maize,9.0261191,42.2234668
Fedis,Kufa Bobasa,Sorghum,9.0261191,42.2234668
Meta,Dhoqe #2,Sorghum,9.4429847,41.5812898
Fedis,Kufa Bobasa,Maize,9.0210401,42.1981444
Jarso,Gara Abdula,Wheat,9.4708541,42.2368323
Jarso,Gara Abdula,Potato,9.4710369,42.2367335
Jarso,Gara Abdula,Khat,9.470995,42.2367344
Midega Tola,Bilisuma,Maize,8.842939,42.1781259
Jarso,Gara Abdula,Maize,9.4587503,42.2418599
Jarso,Gara Abdula,Khat,9.4587503,42.2418599
Jarso,Weltehi,Maize,9.4509488,42.273127
Jarso,Weltehi,Khat,9.4509488,42.273127
Melka Belo,Boko Jalela,Sorghum,9.1128037,41.4154275
Deder,Cheka Gemechu,Maize,9.2712898,41.3439968
Deder,Cheka Gemechu,Khat,9.2712898,41.3439968
Babile,Nejata Gemechis,Sorghum,9.1637024,42.1739873
Babile,Nejata Gemechis,Sorghum,9.1609386,42.1635715
Deder,Dire Welteha,Maize,9.2399981,41.4754389
Deder,Dire Welteha,Sorghum,9.2399981,41.4754389
Deder,Dire Welteha,Khat,9.2399981,41.4754389
Deder,Cheka Gemechu,Maize,9.2776461,41.342516
Deder,Cheka Gemechu,Khat,9.2777233,41.342323
Babile,Ifedin,Sorghum,9.229839,42.2405536
Deder,Dire Welteha,Maize,9.2573655,41.4843261
Jarso,Gara Abdula,Maize,9.4617958,42.2422419
Jarso,Gara Abdula,Khat,9.461471,42.2420773
Melka Belo,Boko Jalela,Maize,9.1043147,41.4114477
Melka Belo,Boko Jalela,Sorghum,9.1043147,41.4114477
Melka Belo,Boko Jalela,Khat,9.1043147,41.4114477
Babile,Ifedin,Sorghum,9.2139587,42.2529512
Chinakesen,Mudi Dawe,Maize,9.5440675,42.4233918
Chinakesen,Mudi Dawe,Sorghum,9.5440675,42.4233918
Chinakesen,Mudi Dawe,Wheat,9.5440675,42.4233918
Deder,Dire Welteha,Maize,9.232623,41.4851355
Deder,Dire Welteha,Khat,9.232453,41.485199
Fedis,Negeya Umerkule,Maize,9.1780149,42.0965126
Fedis,Negeya Umerkule,Khat,9.1779592,42.0964955
Meta,Dhoqe #2,Maize,9.4363489,41.5645209
Meta,Dhoqe #2,Khat,9.4368742,41.5646143
Chinakesen,Lugo,Wheat,9.5191811,42.6018012
Chinakesen,Mudi Dawe,Sorghum,9.549493,42.4013518
Chinakesen,Mudi Dawe,Wheat,9.5499789,42.4021919
Chinakesen,Mudi Dawe,Haricot_Bean,9.549493,42.4013518
Chinakesen,Mudi Dawe,Potato,9.5499533,42.4011238
Chinakesen,Mudi Dawe,Khat,9.549493,42.4013518
Melka Belo,Burika Negeya,Maize,9.1865345,41.2921883
Melka Belo,Burika Negeya,Khat,9.1865345,41.2921883
Meta,Dhoqe #2,Maize,9.4460281,41.5589705
Meta,Dhoqe #2,Khat,9.4460281,41.5589705
Chinakesen,Yugyug,Wheat,9.5392841,42.6360584
Chinakesen,Yugyug,Potato,9.5393185,42.6357181
Jarso,Bedesa,Maize,9.4411811,42.2964116
Jarso,Bedesa,Wheat,9.4410419,42.2964993
Jarso,Bedesa,Khat,9.4411811,42.2964116
Chinakesen,Yugyug,Maize,9.535227,42.6216056
Chinakesen,Yugyug,Wheat,9.5341331,42.623435
Deder,Dire Welteha,Maize,9.2181815,41.4768197
Deder,Dire Welteha,Potato,9.2181815,41.4768197
Deder,Cheka Gemechu,Maize,9.2905438,41.3441208
Deder,Cheka Gemechu,Sorghum,9.2905438,41.3441208
Deder,Cheka Gemechu,Maize,9.2696408,41.3391766
Deder,Cheka Gemechu,Haricot_Bean,9.2696408,41.3391766
Deder,Cheka Gemechu,Potato,9.2696408,41.3391766
Deder,Cheka Gemechu,Khat,9.2696408,41.3391766
Deder,Dire Welteha,Maize,9.2302625,41.4659998
Jarso,Mulata,Sorghum,9.5867395,42.2460431
Fedis,Aneni,Maize,9.0183709,42.0989237
Fedis,Aneni,Sorghum,9.0196561,42.0919886
Chinakesen,Yugyug,Wheat,9.5391522,42.6363649
Fedis,Aneni,Sorghum,9.0195758,42.0822885
Fedis,Aneni,Ground_Nut,9.0195758,42.0822885
Fedis,Kerensa Lencho,Khat,9.148315,42.1345008
Jarso,Weltehi,Maize,9.4385944,42.2862916
Jarso,Weltehi,Khat,9.4385944,42.2862916
Chinakesen,Yugyug,Maize,9.534544,42.623129
Chinakesen,Yugyug,Wheat,9.5345208,42.6232005
Chinakesen,Yugyug,Wheat,9.5385336,42.6271934
Chinakesen,Yugyug,Khat,9.5390009,42.6268876
Fedis,Aneni,Maize,8.9470881,42.0428116
Fedis,Aneni,Sorghum,8.9470881,42.0428116
Fedis,Aneni,Ground_Nut,8.9470881,42.0428116
Jarso,Weltehi,Khat,9.4471177,42.2717386
Meta,Hakabas,Sorghum,9.4416477,41.5976022
Meta,Hakabas,Haricot_Bean,9.4416995,41.5975465
Chinakesen,Lugo,Wheat,9.5082407,42.5961634
Fedis,Kufa Bobasa,Sorghum,9.0289942,42.2016778
Fedis,Kufa Bobasa,Ground_Nut,9.0289942,42.2016778
Fedis,Kufa Bobasa,Khat,9.029007,42.201732
Jarso,Weltehi,Maize,9.4382536,42.2520946
Jarso,Weltehi,Khat,9.4380107,42.2506741
Babile,Ifedin,Sorghum,9.2017029,42.186125
Babile,Ifedin,Ground_Nut,9.2017029,42.186125
Meta,Dhoqe #2,Maize,9.4463979,41.5676044
Meta,Dhoqe #2,Khat,9.4463979,41.5676044
Deder,Dire Welteha,Maize,9.2248668,41.4962697
Deder,Dire Welteha,Wheat,9.2246126,41.4962393
Deder,Dire Welteha,Khat,9.2248668,41.4962697
Meta,Hakabas,Maize,9.4459878,41.5956021
Jarso,Mulata,Sorghum,9.5656121,42.2293247
Jarso,Mulata,Wheat,9.5674858,42.2300182
Jarso,Mulata,Khat,9.5656121,42.2293247
Fedis,Aneni,Sorghum,9.0009852,42.0806578
Fedis,Aneni,Khat,9.0009852,42.0806578
Babile,Ifedin,Sorghum,9.1899014,42.2219002
Chinakesen,Yugyug,Wheat,9.5368412,42.6242931
Chinakesen,Mudi Dawe,Maize,9.5450677,42.4185595
Babile,Tula,Maize,9.2086606,42.3248571
Babile,Tula,Ground_Nut,9.2086398,42.324868
Fedis,Negeya Umerkule,Sorghum,9.1549905,42.0726206
Fedis,Negeya Umerkule,Khat,9.1547049,42.0717774
Jarso,Gara Abdula,Maize,9.4580683,42.2373236
Jarso,Gara Abdula,Wheat,9.4567247,42.2371864
Jarso,Gara Abdula,Khat,9.4568207,42.2370645
Melka Belo,Burika Negeya,Maize,9.1759167,41.2807034
Melka Belo,Burika Negeya,Haricot_Bean,9.1759167,41.2807034
Melka Belo,Burika Negeya,Khat,9.1759167,41.2807034
Fedis,Negeya Umerkule,Sorghum,9.1479885,42.0677743
Fedis,Negeya Umerkule,Khat,9.1480194,42.0677649
Meta,Dhoqe #2,Maize,9.4360026,41.5626567
Meta,Dhoqe #2,Sorghum,9.4360089,41.5627431
Meta,Dhoqe #2,Haricot_Bean,9.4360026,41.5626567
Meta,Dhoqe #2,Khat,9.4360026,41.5626567
Jarso,Mulata,Wheat,9.5484699,42.2320616
Jarso,Weltehi,Maize,9.4515046,42.2634852
Jarso,Weltehi,Khat,9.4515046,42.2634852
Chinakesen,Mudi Dawe,Maize,9.5261961,42.3862682
Chinakesen,Mudi Dawe,Sorghum,9.526086,42.3862473
Jarso,Gara Abdula,Maize,9.4599201,42.2465112
Jarso,Gara Abdula,Khat,9.4599201,42.2465112
Melka Belo,Burika Negeya,Maize,9.1842787,41.3161669
Chinakesen,Godagorez,Maize,9.4600131,42.6195748
Melka Belo,Burika Negeya,Maize,9.1772755,41.2926549
Melka Belo,Burika Negeya,Sorghum,9.1772755,41.2926549
Melka Belo,Burika Negeya,Haricot_Bean,9.1772755,41.2926549
Melka Belo,Burika Negeya,Khat,9.1772755,41.2926549
Melka Belo,Boko Jalela,Maize,9.0975762,41.4155059
Melka Belo,Boko Jalela,Sorghum,9.1015979,41.4214257
Melka Belo,Boko Jalela,Ground_Nut,9.0975762,41.4155059
Melka Belo,Boko Jalela,Khat,9.1015979,41.4214257
Meta,Hakabas,Maize,9.4247662,41.5802023
Meta,Hakabas,Khat,9.4247662,41.5802023
Chinakesen,Lugo,Wheat,9.5146976,42.5892666
Fedis,Kufa Bobasa,Maize,9.0440679,42.2012576
Fedis,Kufa Bobasa,Sorghum,9.0440679,42.2012576
Fedis,Kufa Bobasa,Maize,9.0221961,42.2074509
Fedis,Kufa Bobasa,Sorghum,9.0221961,42.2074509
Fedis,Kufa Bobasa,Ground_Nut,9.0221393,42.2074406
Meta,Hakabas,Maize,9.4202962,41.5710246
Deder,Dire Welteha,Maize,9.2165325,41.4902513
Deder,Dire Welteha,Khat,9.2165325,41.4902513
Babile,Tula,Maize,9.2071536,42.322021
Babile,Tula,Sorghum,9.207392,42.3219569
Babile,Tula,Ground_Nut,9.2074046,42.3218474
Jarso,Bedesa,Maize,9.4430367,42.3091518
Jarso,Bedesa,Khat,9.4430367,42.3091518
Jarso,Mulata,Sorghum,9.589325,42.2380402
Jarso,Gara Abdula,Maize,9.4626929,42.2421964
Jarso,Gara Abdula,Wheat,9.4631114,42.2432527
Jarso,Gara Abdula,Khat,9.4626929,42.2421964
Meta,Waybar,Khat,9.4636853,41.5414805
Babile,Ifedin,Sorghum,9.2154624,42.2191456
Babile,Ifedin,Ground_Nut,9.2153709,42.2189087
Chinakesen,Mudi Dawe,Maize,9.5567876,42.3895691
Chinakesen,Mudi Dawe,Khat,9.5567876,42.3895691
Meta,Hakabas,Maize,9.4505492,41.6063548
Meta,Hakabas,Sorghum,9.4507916,41.6064748
Meta,Hakabas,Wheat,9.4506966,41.606484
Meta,Hakabas,Haricot_Bean,9.4507762,41.6064817
Meta,Hakabas,Khat,9.4508117,41.6065308
Melka Belo,Boko Jalela,Maize,9.1043147,41.4114477
Melka Belo,Boko Jalela,Sorghum,9.1043147,41.4114477
Fedis,Kufa Bobasa,Sorghum,8.9777641,42.2495421
Meta,Hakabas,Haricot_Bean,9.4188438,41.5767313
Fedis,Kufa Bobasa,Sorghum,9.0246755,42.1960546
Midega Tola,Bilisuma,Maize,8.8512351,42.1730952
Midega Tola,Bilisuma,Sorghum,8.8513955,42.1730476
Meta,Waybar,Maize,9.4563886,41.5456205
Meta,Waybar,Sorghum,9.4563886,41.5456205
Meta,Waybar,Haricot_Bean,9.4563886,41.5456205
Meta,Waybar,Khat,9.4563886,41.5456205
Chinakesen,Yugyug,Wheat,9.5433497,42.6255116
Meta,Waybar,Maize,9.4702194,41.5466642
Meta,Waybar,Sorghum,9.4702194,41.5466642
Meta,Waybar,Haricot_Bean,9.4702194,41.5466642
Meta,Waybar,Khat,9.4702194,41.5466642
Chinakesen,Yugyug,Wheat,9.5435987,42.6259493
Meta,Dhoqe #2,Maize,9.442647,41.5759441
Meta,Dhoqe #2,Sorghum,9.4426441,41.5759478
Meta,Dhoqe #2,Haricot_Bean,9.4426225,41.5760048
Meta,Dhoqe #2,Khat,9.4426189,41.5759376
Jarso,Mulata,Sorghum,9.5694205,42.2468697
Jarso,Bedesa,Maize,9.4487905,42.3130061
Jarso,Bedesa,Wheat,9.4493473,42.3147213
Jarso,Bedesa,Potato,9.4493473,42.3147213
Fedis,Kerensa Lencho,Sorghum,9.1428887,42.1390713
Fedis,Kufa Bobasa,Maize,8.9881867,42.2436065
Fedis,Kufa Bobasa,Sorghum,8.9881867,42.2436065
Fedis,Kerensa Lencho,Maize,9.1496204,42.1206371
Fedis,Kerensa Lencho,Sorghum,9.1496204,42.1206371
Fedis,Kerensa Lencho,Khat,9.1496204,42.1206371
Deder,Cheka Gemechu,Maize,9.2670289,41.3254662
Midega Tola,Bilisuma,Maize,8.8360734,42.1848188
Midega Tola,Bilisuma,Sorghum,8.8357353,42.1841616
Meta,Hakabas,Maize,9.414242,41.5759037
Meta,Hakabas,Sorghum,9.414242,41.5759037
Meta,Hakabas,Khat,9.414242,41.5759037
Babile,Ifedin,Maize,9.1908941,42.2333643
Jarso,Weltehi,Maize,9.4420664,42.2902887
Jarso,Weltehi,Khat,9.4420664,42.2902887
Meta,Waybar,Maize,9.4589217,41.5580178
Meta,Waybar,Haricot_Bean,9.4589217,41.5580178
Meta,Waybar,Khat,9.4589217,41.5580178
Babile,Nejata Gemechis,Maize,9.1605299,42.1871494
Babile,Nejata Gemechis,Sorghum,9.1592511,42.1866728
Babile,Nejata Gemechis,Khat,9.1605299,42.1871494
Chinakesen,Mudi Dawe,Sorghum,9.5225274,42.3999234
Melka Belo,Boko Jalela,Maize,9.097589,41.4153541
Melka Belo,Boko Jalela,Haricot_Bean,9.097589,41.4153541
Melka Belo,Boko Jalela,Khat,9.097589,41.4153541
Babile,Nejata Gemechis,Maize,9.1508544,42.152994
Babile,Nejata Gemechis,Sorghum,9.1508544,42.152994
Meta,Waybar,Maize,9.4628611,41.5565179
Meta,Waybar,Khat,9.4628611,41.5565179
Babile,Tula,Maize,9.2171718,42.2845843
Babile,Tula,Sorghum,9.208967,42.3124987
Babile,Tula,Khat,9.2171718,42.2845843
Jarso,Mulata,Wheat,9.5511071,42.2265855
Jarso,Mulata,Haricot_Bean,9.5498922,42.2262331
Jarso,Mulata,Potato,9.5498922,42.2262331
Jarso,Mulata,Khat,9.5498922,42.2262331
Fedis,Kerensa Lencho,Maize,9.1476628,42.1355609
Fedis,Kerensa Lencho,Sorghum,9.1476628,42.1355609
Fedis,Kerensa Lencho,Khat,9.1476628,42.1355609
Jarso,Gara Abdula,Maize,9.4564423,42.2428655
Jarso,Gara Abdula,Wheat,9.4564423,42.2428655
Jarso,Gara Abdula,Khat,9.4564934,42.2428654
Chinakesen,Godagorez,Maize,9.4519246,42.6221869
Chinakesen,Godagorez,Khat,9.4519246,42.6221869
Jarso,Mulata,Sorghum,9.6015981,42.2467557
Jarso,Mulata,Sorghum,9.589325,42.2580402
Jarso,Mulata,Wheat,9.589325,42.2580402
Fedis,Kerensa Lencho,Sorghum,9.146638,42.1204847
Fedis,Kerensa Lencho,Khat,9.146638,42.1204847
Deder,Cheka Gemechu,Maize,9.2732554,41.3488457
Deder,Cheka Gemechu,Khat,9.2732554,41.3488457
Deder,Dire Welteha,Maize,9.2156099,41.4794485
Deder,Dire Welteha,Potato,9.2156099,41.4794485
Meta,Hakabas,Maize,9.4323652,41.5942043
Meta,Hakabas,Sorghum,9.4323067,41.5942564
Meta,Hakabas,Khat,9.4330384,41.5891541
Meta,Waybar,Maize,9.4647599,41.5479658
Meta,Waybar,Khat,9.4647599,41.5479658
Jarso,Weltehi,Maize,9.4303511,42.2744728
Jarso,Weltehi,Khat,9.4303511,42.2744728
Chinakesen,Mudi Dawe,Maize,9.5235721,42.3998175
Chinakesen,Mudi Dawe,Sorghum,9.5237058,42.3998317
Babile,Tula,Sorghum,9.2033767,42.2864942
Melka Belo,Burika Negeya,Wheat,9.186109,41.3201261
Deder,Cheka Gemechu,Maize,9.2811725,41.3295695
Deder,Cheka Gemechu,Sorghum,9.2811725,41.3295695
Deder,Cheka Gemechu,Khat,9.2811878,41.3295682
Meta,Hakabas,Maize,9.4306671,41.5857078
Meta,Hakabas,Sorghum,9.4306671,41.5857078
Meta,Hakabas,Haricot_Bean,9.4306671,41.5857078
Meta,Hakabas,Khat,9.4306671,41.5857078
Melka Belo,Boko Jalela,Maize,9.0853065,41.4185378
Melka Belo,Boko Jalela,Khat,9.0853065,41.4185378
Fedis,Aneni,Maize,9.0061893,42.0740893
Fedis,Aneni,Sorghum,9.0061893,42.0740893
Fedis,Aneni,Ground_Nut,9.0061893,42.0740893
Fedis,Aneni,Khat,9.0061893,42.0740893
Chinakesen,Godagorez,Maize,9.4469953,42.6110064
Chinakesen,Godagorez,Khat,9.4469953,42.6110064
Babile,Nejata Gemechis,Sorghum,9.1509172,42.1527962
Babile,Nejata Gemechis,Khat,9.1509172,42.1527962
Jarso,Bedesa,Maize,9.4442848,42.3060274
Jarso,Bedesa,Wheat,9.445302,42.3054671
Jarso,Bedesa,Khat,9.4442848,42.3060274
Jarso,Bedesa,Maize,9.4503991,42.3043579
Jarso,Bedesa,Wheat,9.4506816,42.3057288
Chinakesen,Godagorez,Khat,9.4479846,42.6036313
Chinakesen,Lugo,Khat,9.5175945,42.589643
Melka Belo,Burika Negeya,Maize,9.1595861,41.2776983
Melka Belo,Burika Negeya,Khat,9.1595861,41.2776983
Jarso,Mulata,Sorghum,9.5839297,42.2478315
Midega Tola,Bilisuma,Maize,8.7985101,42.1893272
Midega Tola,Bilisuma,Sorghum,8.7985584,42.189352
Midega Tola,Bilisuma,Ground_Nut,8.7983518,42.1892192
Meta,Waybar,Maize,9.4735603,41.5455995
Meta,Waybar,Sorghum,9.4735603,41.5455995
Meta,Waybar,Haricot_Bean,9.4735603,41.5455995
Meta,Waybar,Khat,9.4735603,41.5455995
Meta,Hakabas,Maize,9.4397151,41.6025196
Meta,Hakabas,Sorghum,9.4397247,41.6025327
Meta,Hakabas,Haricot_Bean,9.4397176,41.6025207
Melka Belo,Burika Negeya,Maize,9.1555668,41.2769796
Chinakesen,Mudi Dawe,Khat,9.5284913,42.391652
Deder,Cheka Gemechu,Maize,9.2766756,41.3384041
Deder,Cheka Gemechu,Sorghum,9.2765914,41.3382498
Deder,Cheka Gemechu,Khat,9.2766756,41.3384041
Melka Belo,Boko Jalela,Maize,9.0849511,41.4176147
Melka Belo,Boko Jalela,Sorghum,9.0849511,41.4176147
Melka Belo,Boko Jalela,Khat,9.0849511,41.4176147
Jarso,Gara Abdula,Wheat,9.4752339,42.2388515
Jarso,Gara Abdula,Potato,9.4752706,42.2388968
Chinakesen,Mudi Dawe,Sorghum,9.5365678,42.4114296
Fedis,Aneni,Maize,9.0099852,42.072016
Fedis,Aneni,Sorghum,9.0099852,42.072016
Fedis,Aneni,Ground_Nut,9.0099852,42.072016
Fedis,Aneni,Khat,9.0099852,42.072016
Babile,Nejata Gemechis,Maize,9.1607467,42.1639672
Babile,Nejata Gemechis,Sorghum,9.1607467,42.1639672
Babile,Tula,Ground_Nut,9.2106972,42.2863625
Chinakesen,Godagorez,Maize,9.4502518,42.5963026
Chinakesen,Mudi Dawe,Wheat,9.5388851,42.4030679
Gursum,Harashi,Khat,9.3757646,42.3666255
Chinakesen,Yugyug,Wheat,9.5324972,42.6278154
Chinakesen,Yugyug,Khat,9.5324972,42.6278154
Melka Belo,Boko Jalela,Maize,9.1081839,41.4075669
Melka Belo,Boko Jalela,Sorghum,9.1081839,41.4075669
Babile,Nejata Gemechis,Maize,9.1547158,42.1710426
Babile,Nejata Gemechis,Sorghum,9.154226,42.1709614
Babile,Nejata Gemechis,Khat,9.1509333,42.1530351
Jarso,Weltehi,Maize,9.4459854,42.2589839
Jarso,Weltehi,Potato,9.4461257,42.2587383
Jarso,Weltehi,Khat,9.4459854,42.2589839
Fedis,Aneni,Maize,9.0204391,42.0859223
Fedis,Aneni,Sorghum,9.0204391,42.0859223
Fedis,Aneni,Ground_Nut,9.0204391,42.0859223
Fedis,Aneni,Khat,9.0204391,42.0859223
Jarso,Mulata,Maize,9.5962128,42.1956474
Jarso,Mulata,Wheat,9.5963131,42.1957486
Jarso,Mulata,Khat,9.5962128,42.1956474
Gursum,Harashi,Maize,9.3955375,42.351868
Gursum,Harashi,Khat,9.3955375,42.351868
Chinakesen,Mudi Dawe,Sorghum,9.5275293,42.3905732
Babile,Ifedin,Ground_Nut,9.198188,42.1877767
Babile,Ifedin,Maize,9.2078899,42.1827344
Babile,Ifedin,Sorghum,9.2078899,42.1827344
Babile,Ifedin,Ground_Nut,9.2081219,42.1827125
Babile,Ifedin,Khat,9.2081419,42.1827126
Babile,Ifedin,Sorghum,9.2020524,42.1886681
Babile,Ifedin,Ground_Nut,9.2020682,42.1886246
Fedis,Kufa Bobasa,Maize,8.9688937,42.2301588
Fedis,Kufa Bobasa,Sorghum,8.9688937,42.2301588
Jarso,Mulata,Sorghum,9.5674667,42.2127331
Jarso,Mulata,Wheat,9.5686776,42.2139436
Jarso,Mulata,Khat,9.5675626,42.2132646
Jarso,Bedesa,Maize,9.4514271,42.30285
Jarso,Bedesa,Khat,9.4514271,42.30285
Jarso,Gara Abdula,Wheat,9.4739642,42.2382594
Jarso,Gara Abdula,Potato,9.4739642,42.2382594
Jarso,Gara Abdula,Khat,9.4739642,42.2382594
Chinakesen,Lugo,Maize,9.524117,42.6048539
Chinakesen,Lugo,Wheat,9.5243788,42.6052492
Chinakesen,Lugo,Khat,9.5243788,42.6052492
Meta,Dhoqe #2,Khat,9.440547,41.5740209
Meta,Dhoqe #2,Maize,9.4490928,41.5763793
Meta,Dhoqe #2,Sorghum,9.4490928,41.5763793
Meta,Dhoqe #2,Haricot_Bean,9.449179,41.5762884
Meta,Dhoqe #2,Khat,9.4491804,41.576311
Deder,Dire Welteha,Maize,9.2178476,41.4975702
Deder,Dire Welteha,Khat,9.2178476,41.4975702
Jarso,Bedesa,Maize,9.4553722,42.3160532
Jarso,Bedesa,Wheat,9.4551923,42.3159093
Jarso,Bedesa,Khat,9.4551923,42.3159093
Fedis,Kerensa Lencho,Sorghum,9.1475293,42.1219057
Fedis,Kerensa Lencho,Ground_Nut,9.1475293,42.1219057
Fedis,Kerensa Lencho,Khat,9.1475293,42.1219057
Fedis,Negeya Umerkule,Maize,9.1734368,42.1008242
Fedis,Negeya Umerkule,Sorghum,9.1734241,42.1007919
Fedis,Negeya Umerkule,Khat,9.1733982,42.1008514
Chinakesen,Lugo,Wheat,9.5250514,42.602774
Chinakesen,Lugo,Khat,9.5240341,42.5998948
Chinakesen,Mudi Dawe,Sorghum,9.5434145,42.4218106
Meta,Waybar,Maize,9.4538278,41.5545612
Jarso,Mulata,Sorghum,9.5986014,42.2402739
Jarso,Mulata,Wheat,9.5963213,42.2395955
Jarso,Weltehi,Maize,9.4374079,42.273942
Jarso,Weltehi,Khat,9.4374079,42.273942
Chinakesen,Lugo,Wheat,9.5192908,42.6063976
Chinakesen,Lugo,Khat,9.5197298,42.6051169
Jarso,Mulata,Maize,9.5965041,42.2333311
Jarso,Mulata,Sorghum,9.5965041,42.2333311
Deder,Dire Welteha,Maize,9.2259281,41.4704105
Deder,Dire Welteha,Khat,9.2259281,41.4704105
Midega Tola,Bilisuma,Maize,8.8255337,42.1927148
Midega Tola,Bilisuma,Sorghum,8.8255977,42.1929299
Midega Tola,Bilisuma,Haricot_Bean,8.8255337,42.1927148
Midega Tola,Bilisuma,Ground_Nut,8.8255963,42.1929178
Jarso,Gara Abdula,Maize,9.4628467,42.2264774
Jarso,Gara Abdula,Wheat,9.4628467,42.2264774
Jarso,Gara Abdula,Potato,9.4906016,42.2280308
Jarso,Gara Abdula,Khat,9.4906016,42.2280308
Jarso,Weltehi,Maize,9.4388597,42.2753252
Jarso,Weltehi,Khat,9.4388597,42.2753252
Fedis,Aneni,Sorghum,9.0084909,42.0746427
Fedis,Aneni,Ground_Nut,9.0084909,42.0746427
Meta,Dhoqe #2,Sorghum,9.4481395,41.5834736
Gursum,Harashi,Maize,9.4019556,42.3500715
Gursum,Harashi,Khat,9.4019556,42.3500715
Jarso,Bedesa,Maize,9.4505982,42.308827
Jarso,Bedesa,Wheat,9.4505982,42.308827
Jarso,Bedesa,Potato,9.4510929,42.3090356
Jarso,Bedesa,Khat,9.4505982,42.308827
Jarso,Bedesa,Maize,9.4466925,42.2854964
Jarso,Bedesa,Wheat,9.4466925,42.2854964
Jarso,Bedesa,Khat,9.4466925,42.2854964
Jarso,Gara Abdula,Wheat,9.4613077,42.2530966
Jarso,Gara Abdula,Potato,9.4614129,42.2533271
Jarso,Bedesa,Maize,9.4515802,42.3147841
Jarso,Bedesa,Khat,9.4523192,42.3148022
Chinakesen,Yugyug,Maize,9.5223192,42.6181294
Jarso,Weltehi,Maize,9.4179609,42.278259
Jarso,Weltehi,Khat,9.4179609,42.278259
Fedis,Negeya Umerkule,Maize,9.1268544,42.0808983
Fedis,Negeya Umerkule,Sorghum,9.1269082,42.0808293
Fedis,Negeya Umerkule,Khat,9.1268163,42.0805562
Chinakesen,Mudi Dawe,Maize,9.5439354,42.4182661
Chinakesen,Mudi Dawe,Sorghum,9.5439076,42.418265
Chinakesen,Mudi Dawe,Haricot_Bean,9.5439501,42.4182644
Melka Belo,Burika Negeya,Maize,9.1645333,41.2686362
Melka Belo,Burika Negeya,Khat,9.1645333,41.2686362
Midega Tola,Bilisuma,Maize,8.8401501,42.1693626
Midega Tola,Bilisuma,Sorghum,8.84098,42.1690531
Chinakesen,Lugo,Maize,9.5144114,42.597456
Chinakesen,Lugo,Wheat,9.514433,42.5974411
Midega Tola,Bilisuma,Maize,8.7938165,42.1559337
Midega Tola,Bilisuma,Sorghum,8.7936114,42.1557107
Melka Belo,Boko Jalela,Maize,9.1156845,41.4191337
Melka Belo,Boko Jalela,Sorghum,9.1156845,41.4191337
Midega Tola,Bilisuma,Maize,8.7957069,42.1703641
Midega Tola,Bilisuma,Sorghum,8.7954391,42.1703827
Babile,Ifedin,Ground_Nut,9.2147628,42.2194258
Melka Belo,Boko Jalela,Maize,9.1796206,41.277276
Melka Belo,Boko Jalela,Sorghum,9.1796206,41.277276
Gursum,Harashi,Maize,9.402067,42.349101
Gursum,Harashi,Khat,9.402067,42.349101
Meta,Waybar,Maize,9.4608891,41.5549094
Meta,Waybar,Sorghum,9.4604591,41.5550194
Meta,Waybar,Haricot_Bean,9.4608891,41.5549094
Gursum,Harashi,Maize,9.4045449,42.3483415
Gursum,Harashi,Khat,9.4045449,42.3483415
Deder,Cheka Gemechu,Maize,9.2839353,41.3497799
Deder,Cheka Gemechu,Khat,9.2839353,41.3497799
Chinakesen,Mudi Dawe,Maize,9.5232016,42.3988197
Midega Tola,Bilisuma,Maize,8.8215826,42.1746509
Midega Tola,Bilisuma,Sorghum,8.8215218,42.1738144
Midega Tola,Bilisuma,Ground_Nut,8.8216012,42.1741352
Gursum,Harashi,Maize,9.3975713,42.3476758
Gursum,Harashi,Onion,9.396914,42.3472853
Gursum,Harashi,Khat,9.3975713,42.3476758
Meta,Waybar,Maize,9.4547189,41.5568184
Meta,Waybar,Sorghum,9.4547189,41.5568184
Meta,Waybar,Khat,9.455003,41.5558753
Babile,Ifedin,Sorghum,9.2087786,42.20908
Fedis,Kerensa Lencho,Sorghum,9.1431821,42.1387107
Fedis,Kerensa Lencho,Khat,9.1431821,42.1387107
Babile,Nejata Gemechis,Maize,9.1691081,42.1703206
Babile,Nejata Gemechis,Sorghum,9.1509099,42.1530205
Babile,Nejata Gemechis,Khat,9.1691081,42.1703206
Melka Belo,Boko Jalela,Maize,9.1158065,41.4179592
Melka Belo,Boko Jalela,Sorghum,9.1158065,41.4179592
Melka Belo,Boko Jalela,Haricot_Bean,9.1158065,41.4179592
Melka Belo,Boko Jalela,Khat,9.1158065,41.4179592
Babile,Tula,Ground_Nut,9.2178116,42.2775841
Babile,Tula,Maize,9.201937,42.3272973
Babile,Tula,Sorghum,9.2018919,42.3273528
Babile,Tula,Ground_Nut,9.2018983,42.3273898
Babile,Tula,Khat,9.2018989,42.3273064
Fedis,Aneni,Maize,9.0029371,42.0753475
Fedis,Aneni,Sorghum,9.002785,42.0758554
Fedis,Aneni,Khat,9.0029371,42.0753475
Fedis,Aneni,Sorghum,9.0347785,42.0917442
Fedis,Aneni,Khat,9.0347785,42.0917442
Gursum,Harashi,Maize,9.4045741,42.3475979
Gursum,Harashi,Khat,9.4045741,42.3475979
Meta,Waybar,Maize,9.4667928,41.5575255
Meta,Waybar,Khat,9.4667928,41.5575255
Meta,Hakabas,Khat,9.4548291,41.5923352
Fedis,Negeya Umerkule,Sorghum,9.1340801,42.0743216
Fedis,Negeya Umerkule,Khat,9.1340801,42.0743216
Chinakesen,Godagorez,Maize,9.4613188,42.6141484
Jarso,Bedesa,Maize,9.4527694,42.3056339
Jarso,Bedesa,Potato,9.4527694,42.3056339
Jarso,Bedesa,Khat,9.4527694,42.3056339
Meta,Waybar,Maize,9.4666592,41.5493904
Meta,Waybar,Sorghum,9.4666592,41.5493904
Meta,Waybar,Haricot_Bean,9.4666592,41.5493904
Meta,Dhoqe #2,Maize,9.4410669,41.5720187
Meta,Dhoqe #2,Khat,9.4410669,41.5720187
Babile,Nejata Gemechis,Sorghum,9.1509284,42.15301
Babile,Nejata Gemechis,Haricot_Bean,9.1509284,42.15301
Fedis,Kufa Bobasa,Sorghum,8.9592585,42.239233
Jarso,Bedesa,Maize,9.4450651,42.3000876
Jarso,Bedesa,Wheat,9.4450651,42.3000876
Jarso,Bedesa,Khat,9.4450651,42.3000876
Fedis,Negeya Umerkule,Maize,9.1429333,42.0745838
Fedis,Negeya Umerkule,Sorghum,9.1853334,42.0963178
Fedis,Negeya Umerkule,Khat,9.1854388,42.0962943
Jarso,Bedesa,Maize,9.4476755,42.3208296
Jarso,Bedesa,Wheat,9.4476755,42.3208296
Jarso,Bedesa,Khat,9.447864,42.3207102
Melka Belo,Boko Jalela,Maize,9.1035977,41.4125817
Melka Belo,Boko Jalela,Sorghum,9.1035977,41.4125817
Fedis,Negeya Umerkule,Sorghum,9.1902416,42.1034843
Fedis,Negeya Umerkule,Khat,9.1902399,42.103408
Chinakesen,Lugo,Wheat,9.5160531,42.5803442
Chinakesen,Lugo,Khat,9.5161833,42.5803218
Chinakesen,Godagorez,Maize,9.4510386,42.5949206
Jarso,Mulata,Maize,9.5687373,42.2243763
Jarso,Mulata,Sorghum,9.5687373,42.2243763
Jarso,Mulata,Wheat,9.5665096,42.223503
Jarso,Mulata,Khat,9.5665096,42.223503
Babile,Ifedin,Sorghum,9.2199098,42.2436813
Chinakesen,Godagorez,Maize,9.5053581,42.6104064
Chinakesen,Godagorez,Khat,9.5053581,42.6104064
Melka Belo,Burika Negeya,Maize,9.188302,41.2774609
Melka Belo,Burika Negeya,Haricot_Bean,9.188302,41.2774609
Melka Belo,Burika Negeya,Khat,9.188302,41.2774609
Babile,Tula,Maize,9.209378,42.3120891
Babile,Tula,Sorghum,9.2094202,42.3121215
Babile,Tula,Khat,9.2093144,42.3120994
Meta,Waybar,Khat,9.4663952,41.5517132
Fedis,Negeya Umerkule,Maize,9.1775366,42.0908646
Fedis,Negeya Umerkule,Khat,9.1775635,42.090829
Meta,Dhoqe #2,Maize,9.4333709,41.5725889
Meta,Dhoqe #2,Khat,9.4337125,41.5723789
Babile,Ifedin,Maize,9.1901045,42.2301602
Babile,Ifedin,Sorghum,9.1900224,42.2301378
Midega Tola,Bilisuma,Maize,8.8047125,42.1669156
Jarso,Weltehi,Maize,9.433237,42.2637858
Jarso,Weltehi,Khat,9.433237,42.2637858
Babile,Nejata Gemechis,Maize,9.1818733,42.158055
Babile,Nejata Gemechis,Sorghum,9.1818733,42.158055
Babile,Nejata Gemechis,Khat,9.1818733,42.158055
Fedis,Kufa Bobasa,Sorghum,9.0249819,42.1968136
Meta,Dhoqe #2,Maize,9.4402404,41.5541742
Meta,Dhoqe #2,Haricot_Bean,9.4392625,41.5539789
Meta,Dhoqe #2,Khat,9.4392704,41.5539324
Babile,Tula,Sorghum,9.2007935,42.3123053
Babile,Tula,Ground_Nut,9.2007935,42.3123053
Meta,Waybar,Maize,9.4562636,41.5665534
Melka Belo,Boko Jalela,Maize,9.0828406,41.4109174
Jarso,Mulata,Sorghum,9.5784694,42.2106314
Fedis,Kufa Bobasa,Sorghum,8.9891011,42.2432536
Jarso,Weltehi,Maize,9.4540396,42.2712033
Jarso,Weltehi,Khat,9.4540396,42.2712033
Jarso,Weltehi,Maize,9.4456171,42.2781117
Jarso,Weltehi,Potato,9.4454532,42.2783359
Jarso,Weltehi,Khat,9.4454532,42.2783359
Chinakesen,Godagorez,Maize,9.4642103,42.6196433
Jarso,Gara Abdula,Maize,9.4597663,42.2466623
Jarso,Gara Abdula,Khat,9.4597663,42.2466623
Chinakesen,Godagorez,Maize,9.4480076,42.6047096
Babile,Ifedin,Maize,9.1982023,42.1877369
Babile,Ifedin,Sorghum,9.1982018,42.1877985
Jarso,Bedesa,Wheat,9.4512273,42.3264526
Jarso,Bedesa,Khat,9.451183,42.3265183
Babile,Tula,Maize,9.221633,42.3163815
Babile,Tula,Sorghum,9.2223996,42.3050112
Babile,Tula,Ground_Nut,9.2223996,42.3050112
Babile,Tula,Khat,9.2223996,42.3050112
Fedis,Kufa Bobasa,Maize,9.0249227,42.2027535
Fedis,Kufa Bobasa,Sorghum,9.0313772,42.2056046
Fedis,Kufa Bobasa,Ground_Nut,9.0277677,42.2044525
Fedis,Kufa Bobasa,Khat,9.0313772,42.2056046
Chinakesen,Godagorez,Maize,9.4449432,42.6001023
Chinakesen,Godagorez,Sorghum,9.4448593,42.6000604
Chinakesen,Godagorez,Khat,9.4448593,42.6000604
Midega Tola,Bilisuma,Maize,8.8264336,42.1440773
Midega Tola,Bilisuma,Sorghum,8.8260103,42.1437657
Jarso,Bedesa,Wheat,9.4592652,42.3210488
Jarso,Bedesa,Potato,9.4591478,42.3210494
Deder,Dire Welteha,Maize,9.2573445,41.4795757
Jarso,Mulata,Sorghum,9.6015981,42.2467557
Jarso,Mulata,Khat,9.6041163,42.2458917
Fedis,Aneni,Sorghum,9.0042482,42.0602072
Babile,Ifedin,Sorghum,9.2047891,42.1974355
Babile,Ifedin,Ground_Nut,9.2047891,42.1974355
Babile,Ifedin,Khat,9.2047891,42.1974355
Fedis,Negeya Umerkule,Maize,9.165468,42.0839733
Fedis,Negeya Umerkule,Sorghum,9.1654554,42.0840131
Fedis,Negeya Umerkule,Khat,9.1654576,42.0838316
Fedis,Negeya Umerkule,Maize,9.1628122,42.0973703
Fedis,Negeya Umerkule,Sorghum,9.1656763,42.0988654
Fedis,Negeya Umerkule,Khat,9.1656763,42.0988654
Deder,Cheka Gemechu,Maize,9.2840484,41.3496614
Deder,Cheka Gemechu,Sorghum,9.2840041,41.349746
Deder,Cheka Gemechu,Khat,9.2840484,41.3496614
Deder,Dire Welteha,Maize,9.2076439,41.4783462
Deder,Dire Welteha,Khat,9.2076439,41.4783462
Chinakesen,Godagorez,Maize,9.4624588,42.6140405
Chinakesen,Godagorez,Wheat,9.4628177,42.614095
Chinakesen,Godagorez,Potato,9.4628177,42.614095
Chinakesen,Godagorez,Khat,9.4628177,42.614095
Deder,Cheka Gemechu,Maize,9.2714104,41.347806
Deder,Cheka Gemechu,Khat,9.2714104,41.347806
Midega Tola,Bilisuma,Maize,8.7948166,42.1556302
Midega Tola,Bilisuma,Sorghum,8.7941649,42.1558248
Jarso,Gara Abdula,Maize,9.460529,42.2453547
Jarso,Gara Abdula,Wheat,9.4605064,42.2453724
Jarso,Gara Abdula,Khat,9.4604845,42.2453713
Deder,Dire Welteha,Maize,9.2212996,41.4949453
Deder,Dire Welteha,Wheat,9.2209839,41.4951252
Deder,Dire Welteha,Khat,9.2211593,41.4950721
Babile,Ifedin,Sorghum,9.2261637,42.2493516
Meta,Waybar,Maize,9.4591472,41.5680068
Babile,Tula,Sorghum,9.2068676,42.3195098
Babile,Tula,Ground_Nut,9.2069906,42.3195876
Meta,Waybar,Sorghum,9.4543485,41.5467693
Meta,Waybar,Haricot_Bean,9.4543485,41.5467693
Meta,Waybar,Khat,9.4543485,41.5467693
Babile,Tula,Maize,9.2177721,42.2906569
Babile,Tula,Sorghum,9.2177464,42.2907227
Babile,Tula,Ground_Nut,9.217755,42.2906932
Jarso,Mulata,Maize,9.5535494,42.2391058
Jarso,Mulata,Wheat,9.5522045,42.24081
Jarso,Mulata,Khat,9.5535494,42.2391058
Meta,Waybar,Maize,9.479606,41.5592613
Meta,Waybar,Sorghum,9.4797334,41.5591736
Meta,Waybar,Haricot_Bean,9.4797334,41.5591736
Deder,Cheka Gemechu,Maize,9.275613,41.3483228
Babile,Ifedin,Sorghum,9.1888744,42.2333626
Babile,Ifedin,Ground_Nut,9.1909981,42.2339534
Chinakesen,Godagorez,Maize,9.4497323,42.6019947
Chinakesen,Godagorez,Khat,9.4497323,42.6019947
Jarso,Gara Abdula,Maize,9.4703697,42.2476102
Jarso,Gara Abdula,Potato,9.4701466,42.2476079
Midega Tola,Bilisuma,Maize,8.8241753,42.1858557
Midega Tola,Bilisuma,Sorghum,8.8220614,42.1814311
Midega Tola,Bilisuma,Khat,8.8241753,42.1858557
Deder,Cheka Gemechu,Maize,9.2912297,41.3439957
Deder,Cheka Gemechu,Sorghum,9.2912297,41.3439957
Jarso,Weltehi,Maize,9.422442,42.2775612
Jarso,Weltehi,Potato,9.422442,42.2775612
Jarso,Weltehi,Khat,9.422442,42.2775612
Babile,Tula,Maize,9.2027766,42.3298212
Fedis,Kerensa Lencho,Maize,9.1446669,42.1402725
Fedis,Kerensa Lencho,Sorghum,9.1446305,42.1403696
Chinakesen,Lugo,Maize,9.5132691,42.6026815
Chinakesen,Lugo,Sorghum,9.5132691,42.6026815
Chinakesen,Lugo,Haricot_Bean,9.5132691,42.6026815
Fedis,Negeya Umerkule,Sorghum,9.1503713,42.0776644
Fedis,Negeya Umerkule,Khat,9.1505746,42.0778521
Fedis,Aneni,Maize,9.0097233,42.1015294
Fedis,Aneni,Khat,9.0084435,42.1020228
Babile,Nejata Gemechis,Sorghum,9.1533251,42.1802958
Meta,Dhoqe #2,Maize,9.4498025,41.5800978
Meta,Dhoqe #2,Khat,9.4498093,41.5801425
Gursum,Harashi,Maize,9.4040957,42.3478613
Gursum,Harashi,Khat,9.4040957,42.3478613
Meta,Hakabas,Sorghum,9.4484838,41.5918965
Meta,Dhoqe #2,Maize,9.4458735,41.5644465
Fedis,Aneni,Maize,9.0220234,42.0918417
Fedis,Aneni,Khat,9.0220234,42.0918417
Meta,Dhoqe #2,Maize,9.4381509,41.5544541
Meta,Dhoqe #2,Khat,9.4381717,41.5544503
Fedis,Negeya Umerkule,Khat,9.1819881,42.1085282
Babile,Tula,Maize,9.2028704,42.3118492
Babile,Tula,Sorghum,9.2028704,42.3118492
Fedis,Kerensa Lencho,Maize,9.1466654,42.1352579
Fedis,Kerensa Lencho,Sorghum,9.1466654,42.1352579
Fedis,Kerensa Lencho,Khat,9.1466654,42.1352579
Babile,Nejata Gemechis,Maize,9.1569283,42.1792966
Babile,Nejata Gemechis,Sorghum,9.1569283,42.1792966
Babile,Nejata Gemechis,Khat,9.1569283,42.1792966
Jarso,Gara Abdula,Maize,9.4667495,42.2342862
Jarso,Gara Abdula,Wheat,9.466845,42.2342826
Jarso,Gara Abdula,Haricot_Bean,9.4666677,42.2342729
Jarso,Gara Abdula,Potato,9.4668214,42.2342636
Jarso,Gara Abdula,Khat,9.4667004,42.2342921
Deder,Cheka Gemechu,Maize,9.2812826,41.3294072
Deder,Cheka Gemechu,Sorghum,9.2812826,41.3294072
Meta,Hakabas,Maize,9.4520139,41.5955855
Babile,Nejata Gemechis,Sorghum,9.1692059,42.1706632
Babile,Nejata Gemechis,Khat,9.1692059,42.1706632
Chinakesen,Mudi Dawe,Sorghum,9.5263936,42.3861499
Chinakesen,Mudi Dawe,Wheat,9.5263021,42.3861823
Deder,Dire Welteha,Maize,9.2341855,41.4782012
Deder,Dire Welteha,Sorghum,9.2341855,41.4782012
Deder,Dire Welteha,Khat,9.2341855,41.4782012
Deder,Cheka Gemechu,Maize,9.2670022,41.3393586
Deder,Cheka Gemechu,Potato,9.2670022,41.3393586
Deder,Cheka Gemechu,Khat,9.2670022,41.3393586
