"WSNAME","YEAR","MONTHNUM","WSNAME_","FILENAME"
"Babile Cacatu sulula",2018,4,"Babile_Cacatu_sulula","LULC_Babile_Cacatu_sulula_2018_4.tif"
"Babile Cacatu sulula",2018,10,"Babile_Cacatu_sulula","LULC_Babile_Cacatu_sulula_2018_10.tif"
"Babile Cacatu sulula",2019,4,"Babile_Cacatu_sulula","LULC_Babile_Cacatu_sulula_2019_4.tif"
"Babile Cacatu sulula",2019,10,"Babile_Cacatu_sulula","LULC_Babile_Cacatu_sulula_2019_10.tif"
"Babile Cacatu sulula",2020,4,"Babile_Cacatu_sulula","LULC_Babile_Cacatu_sulula_2020_4.tif"
"Babile Cacatu sulula",2020,10,"Babile_Cacatu_sulula","LULC_Babile_Cacatu_sulula_2020_10.tif"
"Babile Cacatu sulula",2021,4,"Babile_Cacatu_sulula","LULC_Babile_Cacatu_sulula_2021_4.tif"
"Babile Cacatu sulula",2021,10,"Babile_Cacatu_sulula","LULC_Babile_Cacatu_sulula_2021_10.tif"
"Babile Cacatu sulula",2022,4,"Babile_Cacatu_sulula","LULC_Babile_Cacatu_sulula_2022_4.tif"
"Babile Cacatu sulula",2022,10,"Babile_Cacatu_sulula","LULC_Babile_Cacatu_sulula_2022_10.tif"
"Babile Cacatu sulula",2023,10,"Babile_Cacatu_sulula","LULC_Babile_Cacatu_sulula_2023_10.tif"
"Babile Guutoo",2018,4,"Babile_Guutoo","LULC_Gambela_Guutoo_2018_4.tif"
"Babile Guutoo",2018,10,"Babile_Guutoo","LULC_Gambela_Guutoo_2018_10.tif"
"Babile Guutoo",2019,4,"Babile_Guutoo","LULC_Gambela_Guutoo_2019_4.tif"
"Babile Guutoo",2019,10,"Babile_Guutoo","LULC_Gambela_Guutoo_2019_10.tif"
"Babile Guutoo",2020,4,"Babile_Guutoo","LULC_Gambela_Guutoo_2020_4.tif"
"Babile Guutoo",2020,10,"Babile_Guutoo","LULC_Gambela_Guutoo_2020_10.tif"
"Babile Guutoo",2021,4,"Babile_Guutoo","LULC_Gambela_Guutoo_2021_4.tif"
"Babile Guutoo",2021,10,"Babile_Guutoo","LULC_Gambela_Guutoo_2021_10.tif"
"Babile Guutoo",2022,4,"Babile_Guutoo","LULC_Gambela_Guutoo_2022_4.tif"
"Babile Guutoo",2022,10,"Babile_Guutoo","LULC_Gambela_Guutoo_2022_10.tif"
"Babile Guutoo",2023,10,"Babile_Guutoo","LULC_Gambela_Guutoo_2023_10.tif"
"Babile Qabanawa sulula",2018,10,"Babile_Qabanawa_sulula","LULC_Babile_Qabanawa_sulula_2018_10.tif"
"Babile Qabanawa sulula",2019,4,"Babile_Qabanawa_sulula","LULC_Babile_Qabanawa_sulula_2019_4.tif"
"Babile Qabanawa sulula",2019,10,"Babile_Qabanawa_sulula","LULC_Babile_Qabanawa_sulula_2019_10.tif"
"Babile Qabanawa sulula",2020,4,"Babile_Qabanawa_sulula","LULC_Babile_Qabanawa_sulula_2020_4.tif"
"Babile Qabanawa sulula",2020,10,"Babile_Qabanawa_sulula","LULC_Babile_Qabanawa_sulula_2020_10.tif"
"Babile Qabanawa sulula",2021,4,"Babile_Qabanawa_sulula","LULC_Babile_Qabanawa_sulula_2021_4.tif"
"Babile Qabanawa sulula",2021,10,"Babile_Qabanawa_sulula","LULC_Babile_Qabanawa_sulula_2021_10.tif"
"Babile Qabanawa sulula",2022,4,"Babile_Qabanawa_sulula","LULC_Babile_Qabanawa_sulula_2022_4.tif"
"Babile Qabanawa sulula",2022,10,"Babile_Qabanawa_sulula","LULC_Babile_Qabanawa_sulula_2022_10.tif"
"Babile Qabanawa sulula",2023,10,"Babile_Qabanawa_sulula","LULC_Babile_Qabanawa_sulula_2023_10.tif"
"Fedis Gona",2018,10,"Fedis_Gona","LULC_Fedis_Gona_2018_10.tif"
"Fedis Gona",2019,4,"Fedis_Gona","LULC_Fedis_Gona_2019_4.tif"
"Fedis Gona",2019,10,"Fedis_Gona","LULC_Fedis_Gona_2019_10.tif"
"Fedis Gona",2020,4,"Fedis_Gona","LULC_Fedis_Gona_2020_4.tif"
"Fedis Gona",2020,10,"Fedis_Gona","LULC_Fedis_Gona_2020_10.tif"
"Fedis Gona",2021,4,"Fedis_Gona","LULC_Fedis_Gona_2021_4.tif"
"Fedis Gona",2021,10,"Fedis_Gona","LULC_Fedis_Gona_2021_10.tif"
"Fedis Gona",2022,4,"Fedis_Gona","LULC_Fedis_Gona_2022_4.tif"
"Fedis Gona",2022,10,"Fedis_Gona","LULC_Fedis_Gona_2022_10.tif"
"Fedis Gona",2023,10,"Fedis_Gona","LULC_Fedis_Gona_2023_10.tif"
"Fedis Ija Garo",2018,4,"Fedis_Ija_Garo","LULC_Fedis_Ija_Garo_2018_4.tif"
"Fedis Ija Garo",2018,10,"Fedis_Ija_Garo","LULC_Fedis_Ija_Garo_2018_10.tif"
"Fedis Ija Garo",2019,4,"Fedis_Ija_Garo","LULC_Fedis_Ija_Garo_2019_4.tif"
"Fedis Ija Garo",2019,10,"Fedis_Ija_Garo","LULC_Fedis_Ija_Garo_2019_10.tif"
"Fedis Ija Garo",2020,4,"Fedis_Ija_Garo","LULC_Fedis_Ija_Garo_2020_4.tif"
"Fedis Ija Garo",2020,10,"Fedis_Ija_Garo","LULC_Fedis_Ija_Garo_2020_10.tif"
"Fedis Ija Garo",2021,4,"Fedis_Ija_Garo","LULC_Fedis_Ija_Garo_2021_4.tif"
"Fedis Ija Garo",2021,10,"Fedis_Ija_Garo","LULC_Fedis_Ija_Garo_2021_10.tif"
"Fedis Ija Garo",2022,4,"Fedis_Ija_Garo","LULC_Fedis_Ija_Garo_2022_4.tif"
"Fedis Ija Garo",2022,10,"Fedis_Ija_Garo","LULC_Fedis_Ija_Garo_2022_10.tif"
"Fedis Ija Garo",2023,10,"Fedis_Ija_Garo","LULC_Fedis_Ija_Garo_2023_10.tif"
"Jarso Ali Elemo",2018,4,"Jarso_Ali_Elemo","LULC_Jarso_Ali_Elemo_2018_4.tif"
"Jarso Ali Elemo",2018,10,"Jarso_Ali_Elemo","LULC_Jarso_Ali_Elemo_2018_10.tif"
"Jarso Ali Elemo",2019,4,"Jarso_Ali_Elemo","LULC_Jarso_Ali_Elemo_2019_4.tif"
"Jarso Ali Elemo",2019,10,"Jarso_Ali_Elemo","LULC_Jarso_Ali_Elemo_2019_10.tif"
"Jarso Ali Elemo",2020,4,"Jarso_Ali_Elemo","LULC_Jarso_Ali_Elemo_2020_4.tif"
"Jarso Ali Elemo",2020,10,"Jarso_Ali_Elemo","LULC_Jarso_Ali_Elemo_2020_10.tif"
"Jarso Ali Elemo",2021,4,"Jarso_Ali_Elemo","LULC_Jarso_Ali_Elemo_2021_4.tif"
"Jarso Ali Elemo",2021,10,"Jarso_Ali_Elemo","LULC_Jarso_Ali_Elemo_2021_10.tif"
"Jarso Ali Elemo",2022,4,"Jarso_Ali_Elemo","LULC_Jarso_Ali_Elemo_2022_4.tif"
"Jarso Ali Elemo",2022,10,"Jarso_Ali_Elemo","LULC_Jarso_Ali_Elemo_2022_10.tif"
"Jarso Ali Elemo",2023,10,"Jarso_Ali_Elemo","LULC_Jarso_Ali_Elemo_2023_10.tif"
"Jarso Ebo",2018,4,"Jarso_Ebo","LULC_Jarso_Ebo_2018_4.tif"
"Jarso Ebo",2018,10,"Jarso_Ebo","LULC_Jarso_Ebo_2018_10.tif"
"Jarso Ebo",2019,4,"Jarso_Ebo","LULC_Jarso_Ebo_2019_4.tif"
"Jarso Ebo",2019,10,"Jarso_Ebo","LULC_Jarso_Ebo_2019_10.tif"
"Jarso Ebo",2020,4,"Jarso_Ebo","LULC_Jarso_Ebo_2020_4.tif"
"Jarso Ebo",2020,10,"Jarso_Ebo","LULC_Jarso_Ebo_2020_10.tif"
"Jarso Ebo",2021,4,"Jarso_Ebo","LULC_Jarso_Ebo_2021_4.tif"
"Jarso Ebo",2021,10,"Jarso_Ebo","LULC_Jarso_Ebo_2021_10.tif"
"Jarso Ebo",2022,4,"Jarso_Ebo","LULC_Jarso_Ebo_2022_4.tif"
"Jarso Ebo",2022,10,"Jarso_Ebo","LULC_Jarso_Ebo_2022_10.tif"
"Jarso Ebo",2023,10,"Jarso_Ebo","LULC_Jarso_Ebo_2023_10.tif"
"Jarso Ija Lencha",2018,4,"Jarso_Ija_Lencha","LULC_Jarso_Ija_Lencha_2018_4.tif"
"Jarso Ija Lencha",2018,10,"Jarso_Ija_Lencha","LULC_Jarso_Ija_Lencha_2018_10.tif"
"Jarso Ija Lencha",2019,4,"Jarso_Ija_Lencha","LULC_Jarso_Ija_Lencha_2019_4.tif"
"Jarso Ija Lencha",2019,10,"Jarso_Ija_Lencha","LULC_Jarso_Ija_Lencha_2019_10.tif"
"Jarso Ija Lencha",2020,4,"Jarso_Ija_Lencha","LULC_Jarso_Ija_Lencha_2020_4.tif"
"Jarso Ija Lencha",2020,10,"Jarso_Ija_Lencha","LULC_Jarso_Ija_Lencha_2020_10.tif"
"Jarso Ija Lencha",2021,4,"Jarso_Ija_Lencha","LULC_Jarso_Ija_Lencha_2021_4.tif"
"Jarso Ija Lencha",2021,10,"Jarso_Ija_Lencha","LULC_Jarso_Ija_Lencha_2021_10.tif"
"Jarso Ija Lencha",2022,4,"Jarso_Ija_Lencha","LULC_Jarso_Ija_Lencha_2022_4.tif"
"Jarso Ija Lencha",2022,10,"Jarso_Ija_Lencha","LULC_Jarso_Ija_Lencha_2022_10.tif"
"Jarso Ija Lencha",2023,10,"Jarso_Ija_Lencha","LULC_Jarso_Ija_Lencha_2023_10.tif"
"Melkabelo Gola gale",2018,10,"Melkabelo_Gola_gale","LULC_Melkabelo_Gola_gale_2018_10.tif"
"Melkabelo Gola gale",2019,4,"Melkabelo_Gola_gale","LULC_Melkabelo_Gola_gale_2019_4.tif"
"Melkabelo Gola gale",2019,10,"Melkabelo_Gola_gale","LULC_Melkabelo_Gola_gale_2019_10.tif"
"Melkabelo Gola gale",2020,4,"Melkabelo_Gola_gale","LULC_Melkabelo_Gola_gale_2020_4.tif"
"Melkabelo Gola gale",2020,10,"Melkabelo_Gola_gale","LULC_Melkabelo_Gola_gale_2020_10.tif"
"Melkabelo Gola gale",2021,4,"Melkabelo_Gola_gale","LULC_Melkabelo_Gola_gale_2021_4.tif"
"Melkabelo Gola gale",2021,10,"Melkabelo_Gola_gale","LULC_Melkabelo_Gola_gale_2021_10.tif"
"Melkabelo Gola gale",2022,4,"Melkabelo_Gola_gale","LULC_Melkabelo_Gola_gale_2022_4.tif"
"Melkabelo Gola gale",2022,10,"Melkabelo_Gola_gale","LULC_Melkabelo_Gola_gale_2022_10.tif"
"Melkabelo Gola gale",2023,4,"Melkabelo_Gola_gale","LULC_Melkabelo_Gola_gale_2023_4.tif"
"Melkabelo Gola gale",2023,10,"Melkabelo_Gola_gale","LULC_Melkabelo_Gola_gale_2023_10.tif"
"Meta Hawi Gudina",2018,10,"Meta_Hawi_Gudina","LULC_Meta_Hawi_Gudina_2018_10.tif"
"Meta Hawi Gudina",2019,4,"Meta_Hawi_Gudina","LULC_Meta_Hawi_Gudina_2019_4.tif"
"Meta Hawi Gudina",2019,10,"Meta_Hawi_Gudina","LULC_Meta_Hawi_Gudina_2019_10.tif"
"Meta Hawi Gudina",2020,4,"Meta_Hawi_Gudina","LULC_Meta_Hawi_Gudina_2020_4.tif"
"Meta Hawi Gudina",2020,10,"Meta_Hawi_Gudina","LULC_Meta_Hawi_Gudina_2020_10.tif"
"Meta Hawi Gudina",2021,4,"Meta_Hawi_Gudina","LULC_Meta_Hawi_Gudina_2021_4.tif"
"Meta Hawi Gudina",2021,10,"Meta_Hawi_Gudina","LULC_Meta_Hawi_Gudina_2021_10.tif"
"Meta Hawi Gudina",2022,4,"Meta_Hawi_Gudina","LULC_Meta_Hawi_Gudina_2022_4.tif"
"Meta Hawi Gudina",2022,10,"Meta_Hawi_Gudina","LULC_Meta_Hawi_Gudina_2022_10.tif"
"Meta Hawi Gudina",2023,4,"Meta_Hawi_Gudina","LULC_Meta_Hawi_Gudina_2023_4.tif"
"Meta Hawi Gudina",2023,10,"Meta_Hawi_Gudina","LULC_Meta_Hawi_Gudina_2023_10.tif"
"Midhega Tola Gunda Usman",2018,10,"Midhega_Tola_Gunda_Usman","LULC_Midhega_Tola_Gunda_Usman_2018_10.tif"
"Midhega Tola Gunda Usman",2019,4,"Midhega_Tola_Gunda_Usman","LULC_Midhega_Tola_Gunda_Usman_2019_4.tif"
"Midhega Tola Gunda Usman",2019,10,"Midhega_Tola_Gunda_Usman","LULC_Midhega_Tola_Gunda_Usman_2019_10.tif"
"Midhega Tola Gunda Usman",2020,4,"Midhega_Tola_Gunda_Usman","LULC_Midhega_Tola_Gunda_Usman_2020_4.tif"
"Midhega Tola Gunda Usman",2020,10,"Midhega_Tola_Gunda_Usman","LULC_Midhega_Tola_Gunda_Usman_2020_10.tif"
"Midhega Tola Gunda Usman",2021,10,"Midhega_Tola_Gunda_Usman","LULC_Midhega_Tola_Gunda_Usman_2021_10.tif"
"Midhega Tola Gunda Usman",2022,4,"Midhega_Tola_Gunda_Usman","LULC_Midhega_Tola_Gunda_Usman_2022_4.tif"
"Midhega Tola Gunda Usman",2022,10,"Midhega_Tola_Gunda_Usman","LULC_Midhega_Tola_Gunda_Usman_2022_10.tif"
"Midhega Tola Gunda Usman",2023,10,"Midhega_Tola_Gunda_Usman","LULC_Midhega_Tola_Gunda_Usman_2023_10.tif"
"Midhega Tola Ija Dika",2018,10,"Midhega_Tola_Ija_Dika","LULC_Midhega_Tola_Ija_Dika_2018_10.tif"
"Midhega Tola Ija Dika",2019,4,"Midhega_Tola_Ija_Dika","LULC_Midhega_Tola_Ija_Dika_2019_4.tif"
"Midhega Tola Ija Dika",2019,10,"Midhega_Tola_Ija_Dika","LULC_Midhega_Tola_Ija_Dika_2019_10.tif"
"Midhega Tola Ija Dika",2020,4,"Midhega_Tola_Ija_Dika","LULC_Midhega_Tola_Ija_Dika_2020_4.tif"
"Midhega Tola Ija Dika",2020,10,"Midhega_Tola_Ija_Dika","LULC_Midhega_Tola_Ija_Dika_2020_10.tif"
"Midhega Tola Ija Dika",2021,10,"Midhega_Tola_Ija_Dika","LULC_Midhega_Tola_Ija_Dika_2021_10.tif"
"Midhega Tola Ija Dika",2022,4,"Midhega_Tola_Ija_Dika","LULC_Midhega_Tola_Ija_Dika_2022_4.tif"
"Midhega Tola Ija Dika",2022,10,"Midhega_Tola_Ija_Dika","LULC_Midhega_Tola_Ija_Dika_2022_10.tif"
"Midhega Tola Ija Dika",2023,10,"Midhega_Tola_Ija_Dika","LULC_Midhega_Tola_Ija_Dika_2023_10.tif"
"Midhega Tola Ije Gombe",2018,10,"Midhega_Tola_Ije_Gombe","LULC_Midhega_Tola_Ije_Gombe_2018_10.tif"
"Midhega Tola Ije Gombe",2019,4,"Midhega_Tola_Ije_Gombe","LULC_Midhega_Tola_Ije_Gombe_2019_4.tif"
"Midhega Tola Ije Gombe",2019,10,"Midhega_Tola_Ije_Gombe","LULC_Midhega_Tola_Ije_Gombe_2019_10.tif"
"Midhega Tola Ije Gombe",2020,10,"Midhega_Tola_Ije_Gombe","LULC_Midhega_Tola_Ije_Gombe_2020_10.tif"
"Midhega Tola Ije Gombe",2021,10,"Midhega_Tola_Ije_Gombe","LULC_Midhega_Tola_Ije_Gombe_2021_10.tif"
"Midhega Tola Ije Gombe",2022,4,"Midhega_Tola_Ije_Gombe","LULC_Midhega_Tola_Ije_Gombe_2022_4.tif"
"Midhega Tola Ije Gombe",2022,10,"Midhega_Tola_Ije_Gombe","LULC_Midhega_Tola_Ije_Gombe_2022_10.tif"
"Midhega Tola Ije Gombe",2023,10,"Midhega_Tola_Ije_Gombe","LULC_Midhega_Tola_Ije_Gombe_2023_10.tif"
"Midhega Tola Umer Bula",2018,10,"Midhega_Tola_Umer_Bula","LULC_Midhega_Tola_Umer_Bula_2018_10.tif"
"Midhega Tola Umer Bula",2019,4,"Midhega_Tola_Umer_Bula","LULC_Midhega_Tola_Umer_Bula_2019_4.tif"
"Midhega Tola Umer Bula",2019,10,"Midhega_Tola_Umer_Bula","LULC_Midhega_Tola_Umer_Bula_2019_10.tif"
"Midhega Tola Umer Bula",2020,4,"Midhega_Tola_Umer_Bula","LULC_Midhega_Tola_Umer_Bula_2020_4.tif"
"Midhega Tola Umer Bula",2020,10,"Midhega_Tola_Umer_Bula","LULC_Midhega_Tola_Umer_Bula_2020_10.tif"
"Midhega Tola Umer Bula",2021,10,"Midhega_Tola_Umer_Bula","LULC_Midhega_Tola_Umer_Bula_2021_10.tif"
"Midhega Tola Umer Bula",2022,4,"Midhega_Tola_Umer_Bula","LULC_Midhega_Tola_Umer_Bula_2022_4.tif"
"Midhega Tola Umer Bula",2022,10,"Midhega_Tola_Umer_Bula","LULC_Midhega_Tola_Umer_Bula_2022_10.tif"
"Midhega Tola Umer Bula",2023,10,"Midhega_Tola_Umer_Bula","LULC_Midhega_Tola_Umer_Bula_2023_10.tif"
"Chinakson Ali Elemo",2018,6,"Chinakson_Ali_Elemo","LULC_Chinakson_Badu_Ali_Elemo_2018_6.tif"
"Chinakson Ali Elemo",2018,11,"Chinakson_Ali_Elemo","LULC_Chinakson_Badu_Ali_Elemo_2018_11.tif"
"Chinakson Ali Elemo",2019,6,"Chinakson_Ali_Elemo","LULC_Chinakson_Badu_Ali_Elemo_2019_6.tif"
"Chinakson Ali Elemo",2019,11,"Chinakson_Ali_Elemo","LULC_Chinakson_Badu_Ali_Elemo_2019_11.tif"
"Chinakson Ali Elemo",2020,6,"Chinakson_Ali_Elemo","LULC_Chinakson_Badu_Ali_Elemo_2020_6.tif"
"Chinakson Ali Elemo",2020,11,"Chinakson_Ali_Elemo","LULC_Chinakson_Badu_Ali_Elemo_2020_11.tif"
"Chinakson Ali Elemo",2021,6,"Chinakson_Ali_Elemo","LULC_Chinakson_Badu_Ali_Elemo_2021_6.tif"
"Chinakson Ali Elemo",2021,11,"Chinakson_Ali_Elemo","LULC_Chinakson_Badu_Ali_Elemo_2021_11.tif"
"Chinakson Ali Elemo",2022,6,"Chinakson_Ali_Elemo","LULC_Chinakson_Badu_Ali_Elemo_2022_6.tif"
"Chinakson Ali Elemo",2023,6,"Chinakson_Ali_Elemo","LULC_Chinakson_Badu_Ali_Elemo_2023_6.tif"
"Chinakson Ali Elemo",2023,11,"Chinakson_Ali_Elemo","LULC_Chinakson_Badu_Ali_Elemo_2023_11.tif"
"Chinakson Guraf",2018,6,"Chinakson_Guraf","LULC_Chinakson_Guraf_2018_6.tif"
"Chinakson Guraf",2018,11,"Chinakson_Guraf","LULC_Chinakson_Guraf_2018_11.tif"
"Chinakson Guraf",2019,11,"Chinakson_Guraf","LULC_Chinakson_Guraf_2019_11.tif"
"Chinakson Guraf",2020,11,"Chinakson_Guraf","LULC_Chinakson_Guraf_2020_11.tif"
"Chinakson Guraf",2021,6,"Chinakson_Guraf","LULC_Chinakson_Guraf_2021_6.tif"
"Chinakson Guraf",2021,11,"Chinakson_Guraf","LULC_Chinakson_Guraf_2021_11.tif"
"Chinakson Guraf",2022,6,"Chinakson_Guraf","LULC_Chinakson_Guraf_2022_6.tif"
"Chinakson Guraf",2023,6,"Chinakson_Guraf","LULC_Chinakson_Guraf_2023_6.tif"
"Chinakson Guraf",2023,11,"Chinakson_Guraf","LULC_Chinakson_Guraf_2023_11.tif"
"Chinakson Kurfa Chale",2018,6,"Chinakson_Kurfa_Chale","LULC_Chinakson_Kurfa_Chale_2018_6.tif"
"Chinakson Kurfa Chale",2018,11,"Chinakson_Kurfa_Chale","LULC_Chinakson_Kurfa_Chale_2018_11.tif"
"Chinakson Kurfa Chale",2019,6,"Chinakson_Kurfa_Chale","LULC_Chinakson_Kurfa_Chale_2019_6.tif"
"Chinakson Kurfa Chale",2019,11,"Chinakson_Kurfa_Chale","LULC_Chinakson_Kurfa_Chale_2019_11.tif"
"Chinakson Kurfa Chale",2020,6,"Chinakson_Kurfa_Chale","LULC_Chinakson_Kurfa_Chale_2020_6.tif"
"Chinakson Kurfa Chale",2020,11,"Chinakson_Kurfa_Chale","LULC_Chinakson_Kurfa_Chale_2020_11.tif"
"Chinakson Kurfa Chale",2021,6,"Chinakson_Kurfa_Chale","LULC_Chinakson_Kurfa_Chale_2021_6.tif"
"Chinakson Kurfa Chale",2021,11,"Chinakson_Kurfa_Chale","LULC_Chinakson_Kurfa_Chale_2021_11.tif"
"Chinakson Kurfa Chale",2022,6,"Chinakson_Kurfa_Chale","LULC_Chinakson_Kurfa_Chale_2022_6.tif"
"Chinakson Kurfa Chale",2023,6,"Chinakson_Kurfa_Chale","LULC_Chinakson_Kurfa_Chale_2023_6.tif"
"Chinakson Kurfa Chale",2023,11,"Chinakson_Kurfa_Chale","LULC_Chinakson_Kurfa_Chale_2023_11.tif"
"Chinakson Urjii",2018,6,"Chinakson_Urjii","LULC_Chinakson_Urji_2018_6.tif"
"Chinakson Urjii",2018,11,"Chinakson_Urjii","LULC_Chinakson_Urji_2018_11.tif"
"Chinakson Urjii",2019,6,"Chinakson_Urjii","LULC_Chinakson_Urji_2019_6.tif"
"Chinakson Urjii",2019,11,"Chinakson_Urjii","LULC_Chinakson_Urji_2019_11.tif"
"Chinakson Urjii",2020,6,"Chinakson_Urjii","LULC_Chinakson_Urji_2020_6.tif"
"Chinakson Urjii",2020,11,"Chinakson_Urjii","LULC_Chinakson_Urji_2020_11.tif"
"Chinakson Urjii",2021,6,"Chinakson_Urjii","LULC_Chinakson_Urji_2021_6.tif"
"Chinakson Urjii",2021,11,"Chinakson_Urjii","LULC_Chinakson_Urji_2021_11.tif"
"Chinakson Urjii",2022,6,"Chinakson_Urjii","LULC_Chinakson_Urji_2022_6.tif"
"Chinakson Urjii",2023,6,"Chinakson_Urjii","LULC_Chinakson_Urji_2023_6.tif"
"Chinakson Urjii",2023,11,"Chinakson_Urjii","LULC_Chinakson_Urji_2023_11.tif"
"Deder Goro",2018,6,"Deder_Goro","LULC_Deder_Goro_2018_6.tif"
"Deder Goro",2018,11,"Deder_Goro","LULC_Deder_Goro_2018_11.tif"
"Deder Goro",2019,6,"Deder_Goro","LULC_Deder_Goro_2019_6.tif"
"Deder Goro",2019,11,"Deder_Goro","LULC_Deder_Goro_2019_11.tif"
"Deder Goro",2020,6,"Deder_Goro","LULC_Deder_Goro_2020_6.tif"
"Deder Goro",2020,11,"Deder_Goro","LULC_Deder_Goro_2020_11.tif"
"Deder Goro",2021,6,"Deder_Goro","LULC_Deder_Goro_2021_6.tif"
"Deder Goro",2021,11,"Deder_Goro","LULC_Deder_Goro_2021_11.tif"
"Deder Goro",2022,6,"Deder_Goro","LULC_Deder_Goro_2022_6.tif"
"Deder Goro",2023,6,"Deder_Goro","LULC_Deder_Goro_2023_6.tif"
"Deder Goro",2023,11,"Deder_Goro","LULC_Deder_Goro_2023_11.tif"
"Deder Wacaale",2018,6,"Deder_Wacaale","LULC_Deder_Wacaale_2018_6.tif"
"Deder Wacaale",2018,11,"Deder_Wacaale","LULC_Deder_Wacaale_2018_11.tif"
"Deder Wacaale",2019,6,"Deder_Wacaale","LULC_Deder_Wacaale_2019_6.tif"
"Deder Wacaale",2019,11,"Deder_Wacaale","LULC_Deder_Wacaale_2019_11.tif"
"Deder Wacaale",2020,6,"Deder_Wacaale","LULC_Deder_Wacaale_2020_6.tif"
"Deder Wacaale",2020,11,"Deder_Wacaale","LULC_Deder_Wacaale_2020_11.tif"
"Deder Wacaale",2021,6,"Deder_Wacaale","LULC_Deder_Wacaale_2021_6.tif"
"Deder Wacaale",2021,11,"Deder_Wacaale","LULC_Deder_Wacaale_2021_11.tif"
"Deder Wacaale",2022,6,"Deder_Wacaale","LULC_Deder_Wacaale_2022_6.tif"
"Deder Wacaale",2023,6,"Deder_Wacaale","LULC_Deder_Wacaale_2023_6.tif"
"Deder Wacaale",2023,11,"Deder_Wacaale","LULC_Deder_Wacaale_2023_11.tif"
"Deder Zarafu",2018,6,"Deder_Zarafu","LULC_Deder_Zarafu_2018_6.tif"
"Deder Zarafu",2018,11,"Deder_Zarafu","LULC_Deder_Zarafu_2018_11.tif"
"Deder Zarafu",2019,6,"Deder_Zarafu","LULC_Deder_Zarafu_2019_6.tif"
"Deder Zarafu",2019,11,"Deder_Zarafu","LULC_Deder_Zarafu_2019_11.tif"
"Deder Zarafu",2020,6,"Deder_Zarafu","LULC_Deder_Zarafu_2020_6.tif"
"Deder Zarafu",2020,11,"Deder_Zarafu","LULC_Deder_Zarafu_2020_11.tif"
"Deder Zarafu",2021,6,"Deder_Zarafu","LULC_Deder_Zarafu_2021_6.tif"
"Deder Zarafu",2021,11,"Deder_Zarafu","LULC_Deder_Zarafu_2021_11.tif"
"Deder Zarafu",2022,6,"Deder_Zarafu","LULC_Deder_Zarafu_2022_6.tif"
"Deder Zarafu",2023,6,"Deder_Zarafu","LULC_Deder_Zarafu_2023_6.tif"
"Deder Zarafu",2023,11,"Deder_Zarafu","LULC_Deder_Zarafu_2023_11.tif"
"Gursum Goyla",2018,6,"Gursum_Goyla","LULC_Gursum_Goyla_2018_6.tif"
"Gursum Goyla",2018,11,"Gursum_Goyla","LULC_Gursum_Goyla_2018_11.tif"
"Gursum Goyla",2019,11,"Gursum_Goyla","LULC_Gursum_Goyla_2019_11.tif"
"Gursum Goyla",2020,11,"Gursum_Goyla","LULC_Gursum_Goyla_2020_11.tif"
"Gursum Goyla",2021,11,"Gursum_Goyla","LULC_Gursum_Goyla_2021_11.tif"
"Gursum Goyla",2022,6,"Gursum_Goyla","LULC_Gursum_Goyla_2022_6.tif"
"Gursum Goyla",2023,6,"Gursum_Goyla","LULC_Gursum_Goyla_2023_6.tif"
"Gursum Goyla",2023,11,"Gursum_Goyla","LULC_Gursum_Goyla_2023_11.tif"
"Gursum Wara Ahmed",2018,6,"Gursum_Wara_Ahmed","LULC_Gursum_Wara_Ahmed_2018_6.tif"
"Gursum Wara Ahmed",2018,11,"Gursum_Wara_Ahmed","LULC_Gursum_Wara_Ahmed_2018_11.tif"
"Gursum Wara Ahmed",2019,11,"Gursum_Wara_Ahmed","LULC_Gursum_Wara_Ahmed_2019_11.tif"
"Gursum Wara Ahmed",2020,11,"Gursum_Wara_Ahmed","LULC_Gursum_Wara_Ahmed_2020_11.tif"
"Gursum Wara Ahmed",2021,6,"Gursum_Wara_Ahmed","LULC_Gursum_Wara_Ahmed_2021_6.tif"
"Gursum Wara Ahmed",2021,11,"Gursum_Wara_Ahmed","LULC_Gursum_Wara_Ahmed_2021_11.tif"
"Gursum Wara Ahmed",2022,6,"Gursum_Wara_Ahmed","LULC_Gursum_Wara_Ahmed_2022_6.tif"
"Gursum Wara Ahmed",2023,6,"Gursum_Wara_Ahmed","LULC_Gursum_Wara_Ahmed_2023_6.tif"
"Gursum Wara Ahmed",2023,11,"Gursum_Wara_Ahmed","LULC_Gursum_Wara_Ahmed_2023_11.tif"
"Gursum Warabeley",2018,6,"Gursum_Warabeley","LULC_Gursum_Wara_Beley_2018_6.tif"
"Gursum Warabeley",2018,11,"Gursum_Warabeley","LULC_Gursum_Wara_Beley_2018_11.tif"
"Gursum Warabeley",2019,11,"Gursum_Warabeley","LULC_Gursum_Wara_Beley_2019_11.tif"
"Gursum Warabeley",2020,11,"Gursum_Warabeley","LULC_Gursum_Wara_Beley_2020_11.tif"
"Gursum Warabeley",2021,6,"Gursum_Warabeley","LULC_Gursum_Wara_Beley_2021_6.tif"
"Gursum Warabeley",2021,11,"Gursum_Warabeley","LULC_Gursum_Wara_Beley_2021_11.tif"
"Gursum Warabeley",2022,6,"Gursum_Warabeley","LULC_Gursum_Wara_Beley_2022_6.tif"
"Gursum Warabeley",2023,6,"Gursum_Warabeley","LULC_Gursum_Wara_Beley_2023_6.tif"
"Gursum Warabeley",2023,11,"Gursum_Warabeley","LULC_Gursum_Wara_Beley_2023_11.tif"
"Jarso Ago",2018,6,"Jarso_Ago","LULC_Jarso_Ago_2018_6.tif"
"Jarso Ago",2018,11,"Jarso_Ago","LULC_Jarso_Ago_2018_11.tif"
"Jarso Ago",2019,6,"Jarso_Ago","LULC_Jarso_Ago_2019_6.tif"
"Jarso Ago",2019,11,"Jarso_Ago","LULC_Jarso_Ago_2019_11.tif"
"Jarso Ago",2020,6,"Jarso_Ago","LULC_Jarso_Ago_2020_6.tif"
"Jarso Ago",2020,11,"Jarso_Ago","LULC_Jarso_Ago_2020_11.tif"
"Jarso Ago",2021,6,"Jarso_Ago","LULC_Jarso_Ago_2021_6.tif"
"Jarso Ago",2021,11,"Jarso_Ago","LULC_Jarso_Ago_2021_11.tif"
"Jarso Ago",2022,6,"Jarso_Ago","LULC_Jarso_Ago_2022_6.tif"
"Jarso Ago",2023,6,"Jarso_Ago","LULC_Jarso_Ago_2023_6.tif"
"Jarso Ago",2023,11,"Jarso_Ago","LULC_Jarso_Ago_2023_11.tif"
"Melkabelo Agdora",2018,6,"Melkabelo_Agdora","LULC_Babile_Agdora_2018_6.tif"
"Melkabelo Agdora",2018,11,"Melkabelo_Agdora","LULC_Babile_Agdora_2018_11.tif"
"Melkabelo Agdora",2019,6,"Melkabelo_Agdora","LULC_Babile_Agdora_2019_6.tif"
"Melkabelo Agdora",2019,11,"Melkabelo_Agdora","LULC_Babile_Agdora_2019_11.tif"
"Melkabelo Agdora",2020,6,"Melkabelo_Agdora","LULC_Babile_Agdora_2020_6.tif"
"Melkabelo Agdora",2020,11,"Melkabelo_Agdora","LULC_Babile_Agdora_2020_11.tif"
"Melkabelo Agdora",2021,6,"Melkabelo_Agdora","LULC_Babile_Agdora_2021_6.tif"
"Melkabelo Agdora",2021,11,"Melkabelo_Agdora","LULC_Babile_Agdora_2021_11.tif"
"Melkabelo Agdora",2022,6,"Melkabelo_Agdora","LULC_Babile_Agdora_2022_6.tif"
"Melkabelo Agdora",2023,6,"Melkabelo_Agdora","LULC_Babile_Agdora_2023_6.tif"
"Melkabelo Agdora",2023,11,"Melkabelo_Agdora","LULC_Babile_Agdora_2023_11.tif"
"Melkabelo Gorba",2018,6,"Melkabelo_Gorba","LULC_Melklabelo_Gorba_2018_6.tif"
"Melkabelo Gorba",2018,11,"Melkabelo_Gorba","LULC_Melklabelo_Gorba_2018_11.tif"
"Melkabelo Gorba",2019,6,"Melkabelo_Gorba","LULC_Melklabelo_Gorba_2019_6.tif"
"Melkabelo Gorba",2019,11,"Melkabelo_Gorba","LULC_Melklabelo_Gorba_2019_11.tif"
"Melkabelo Gorba",2020,6,"Melkabelo_Gorba","LULC_Melklabelo_Gorba_2020_6.tif"
"Melkabelo Gorba",2020,11,"Melkabelo_Gorba","LULC_Melklabelo_Gorba_2020_11.tif"
"Melkabelo Gorba",2021,6,"Melkabelo_Gorba","LULC_Melklabelo_Gorba_2021_6.tif"
"Melkabelo Gorba",2021,11,"Melkabelo_Gorba","LULC_Melklabelo_Gorba_2021_11.tif"
"Melkabelo Gorba",2022,6,"Melkabelo_Gorba","LULC_Melklabelo_Gorba_2022_6.tif"
"Melkabelo Gorba",2023,6,"Melkabelo_Gorba","LULC_Melklabelo_Gorba_2023_6.tif"
"Melkabelo Gorba",2023,11,"Melkabelo_Gorba","LULC_Melklabelo_Gorba_2023_11.tif"
"Meta Bilalu",2018,6,"Meta_Bilalu","LULC_Meta_Bilalu_2018_6.tif"
"Meta Bilalu",2018,11,"Meta_Bilalu","LULC_Meta_Bilalu_2018_11.tif"
"Meta Bilalu",2019,6,"Meta_Bilalu","LULC_Meta_Bilalu_2019_6.tif"
"Meta Bilalu",2019,11,"Meta_Bilalu","LULC_Meta_Bilalu_2019_11.tif"
"Meta Bilalu",2020,6,"Meta_Bilalu","LULC_Meta_Bilalu_2020_6.tif"
"Meta Bilalu",2020,11,"Meta_Bilalu","LULC_Meta_Bilalu_2020_11.tif"
"Meta Bilalu",2021,6,"Meta_Bilalu","LULC_Meta_Bilalu_2021_6.tif"
"Meta Bilalu",2021,11,"Meta_Bilalu","LULC_Meta_Bilalu_2021_11.tif"
"Meta Bilalu",2022,6,"Meta_Bilalu","LULC_Meta_Bilalu_2022_6.tif"
"Meta Bilalu",2023,6,"Meta_Bilalu","LULC_Meta_Bilalu_2023_6.tif"
"Meta Bilalu",2023,11,"Meta_Bilalu","LULC_Meta_Bilalu_2023_11.tif"
"Meta Harqaya",2018,6,"Meta_Harqaya","LULC_Meta_Harqaya_2018_6.tif"
"Meta Harqaya",2018,11,"Meta_Harqaya","LULC_Meta_Harqaya_2018_11.tif"
"Meta Harqaya",2019,6,"Meta_Harqaya","LULC_Meta_Harqaya_2019_6.tif"
"Meta Harqaya",2019,11,"Meta_Harqaya","LULC_Meta_Harqaya_2019_11.tif"
"Meta Harqaya",2020,6,"Meta_Harqaya","LULC_Meta_Harqaya_2020_6.tif"
"Meta Harqaya",2020,11,"Meta_Harqaya","LULC_Meta_Harqaya_2020_11.tif"
"Meta Harqaya",2021,6,"Meta_Harqaya","LULC_Meta_Harqaya_2021_6.tif"
"Meta Harqaya",2021,11,"Meta_Harqaya","LULC_Meta_Harqaya_2021_11.tif"
"Meta Harqaya",2022,6,"Meta_Harqaya","LULC_Meta_Harqaya_2022_6.tif"
"Meta Harqaya",2023,6,"Meta_Harqaya","LULC_Meta_Harqaya_2023_6.tif"
"Meta Harqaya",2023,11,"Meta_Harqaya","LULC_Meta_Harqaya_2023_11.tif"
"Meta Urfo",2018,6,"Meta_Urfo","LULC_Meta_Urfo_2018_6.tif"
"Meta Urfo",2018,11,"Meta_Urfo","LULC_Meta_Urfo_2018_11.tif"
"Meta Urfo",2019,6,"Meta_Urfo","LULC_Meta_Urfo_2019_6.tif"
"Meta Urfo",2019,11,"Meta_Urfo","LULC_Meta_Urfo_2019_11.tif"
"Meta Urfo",2020,6,"Meta_Urfo","LULC_Meta_Urfo_2020_6.tif"
"Meta Urfo",2020,11,"Meta_Urfo","LULC_Meta_Urfo_2020_11.tif"
"Meta Urfo",2021,6,"Meta_Urfo","LULC_Meta_Urfo_2021_6.tif"
"Meta Urfo",2021,11,"Meta_Urfo","LULC_Meta_Urfo_2021_11.tif"
"Meta Urfo",2022,6,"Meta_Urfo","LULC_Meta_Urfo_2022_6.tif"
"Meta Urfo",2023,6,"Meta_Urfo","LULC_Meta_Urfo_2023_6.tif"
"Meta Urfo",2023,11,"Meta_Urfo","LULC_Meta_Urfo_2023_11.tif"
"Deder Haylu",2017,12,"Deder_Haylu","LULC_Deder_Ute_Haylu_2017_12.tif"
"Deder Haylu",2018,6,"Deder_Haylu","LULC_Deder_Ute_Haylu_2018_6.tif"
"Deder Haylu",2018,12,"Deder_Haylu","LULC_Deder_Ute_Haylu_2018_12.tif"
"Deder Haylu",2019,6,"Deder_Haylu","LULC_Deder_Ute_Haylu_2019_6.tif"
"Deder Haylu",2019,12,"Deder_Haylu","LULC_Deder_Ute_Haylu_2019_12.tif"
"Deder Haylu",2020,6,"Deder_Haylu","LULC_Deder_Ute_Haylu_2020_6.tif"
"Deder Haylu",2020,12,"Deder_Haylu","LULC_Deder_Ute_Haylu_2020_12.tif"
"Deder Haylu",2021,6,"Deder_Haylu","LULC_Deder_Ute_Haylu_2021_6.tif"
"Deder Haylu",2021,12,"Deder_Haylu","LULC_Deder_Ute_Haylu_2021_12.tif"
"Deder Haylu",2022,6,"Deder_Haylu","LULC_Deder_Ute_Haylu_2022_6.tif"
"Deder Haylu",2023,6,"Deder_Haylu","LULC_Deder_Ute_Haylu_2023_6.tif"
"Deder Haylu",2023,12,"Deder_Haylu","LULC_Deder_Ute_Haylu_2023_12.tif"
"Gursum Wara Ali",2017,12,"Gursum_Wara_Ali","LULC_Gursum_Wara_Ali_2017_12.tif"
"Gursum Wara Ali",2018,6,"Gursum_Wara_Ali","LULC_Gursum_Wara_Ali_2018_6.tif"
"Gursum Wara Ali",2018,12,"Gursum_Wara_Ali","LULC_Gursum_Wara_Ali_2018_12.tif"
"Gursum Wara Ali",2019,12,"Gursum_Wara_Ali","LULC_Gursum_Wara_Ali_2019_12.tif"
"Gursum Wara Ali",2020,6,"Gursum_Wara_Ali","LULC_Gursum_Wara_Ali_2020_6.tif"
"Gursum Wara Ali",2020,12,"Gursum_Wara_Ali","LULC_Gursum_Wara_Ali_2020_12.tif"
"Gursum Wara Ali",2021,6,"Gursum_Wara_Ali","LULC_Gursum_Wara_Ali_2021_6.tif"
"Gursum Wara Ali",2021,12,"Gursum_Wara_Ali","LULC_Gursum_Wara_Ali_2021_12.tif"
"Gursum Wara Ali",2022,6,"Gursum_Wara_Ali","LULC_Gursum_Wara_Ali_2022_6.tif"
"Gursum Wara Ali",2023,6,"Gursum_Wara_Ali","LULC_Gursum_Wara_Ali_2023_6.tif"
"Gursum Wara Ali",2023,12,"Gursum_Wara_Ali","LULC_Gursum_Wara_Ali_2023_12.tif"
"Jarso Wara Chala",2017,12,"Jarso_Wara_Chala","LULC_Jarso_Wara_Chala_2017_12.tif"
"Jarso Wara Chala",2018,6,"Jarso_Wara_Chala","LULC_Jarso_Wara_Chala_2018_6.tif"
"Jarso Wara Chala",2018,12,"Jarso_Wara_Chala","LULC_Jarso_Wara_Chala_2018_12.tif"
"Jarso Wara Chala",2019,12,"Jarso_Wara_Chala","LULC_Jarso_Wara_Chala_2019_12.tif"
"Jarso Wara Chala",2021,6,"Jarso_Wara_Chala","LULC_Jarso_Wara_Chala_2021_6.tif"
"Jarso Wara Chala",2021,12,"Jarso_Wara_Chala","LULC_Jarso_Wara_Chala_2021_12.tif"
"Jarso Wara Chala",2022,6,"Jarso_Wara_Chala","LULC_Jarso_Wara_Chala_2022_6.tif"
"Jarso Wara Chala",2023,6,"Jarso_Wara_Chala","LULC_Jarso_Wara_Chala_2023_6.tif"
"Jarso Wara Chala",2023,12,"Jarso_Wara_Chala","LULC_Jarso_Wara_Chala_2023_12.tif"
"Melkabelo Ido Lencha",2017,12,"Melkabelo_Ido_Lencha","LULC_Melkabelo_Ido_Lencha_2017_12.tif"
"Melkabelo Ido Lencha",2018,6,"Melkabelo_Ido_Lencha","LULC_Melkabelo_Ido_Lencha_2018_6.tif"
"Melkabelo Ido Lencha",2018,12,"Melkabelo_Ido_Lencha","LULC_Melkabelo_Ido_Lencha_2018_12.tif"
"Melkabelo Ido Lencha",2019,6,"Melkabelo_Ido_Lencha","LULC_Melkabelo_Ido_Lencha_2019_6.tif"
"Melkabelo Ido Lencha",2019,12,"Melkabelo_Ido_Lencha","LULC_Melkabelo_Ido_Lencha_2019_12.tif"
"Melkabelo Ido Lencha",2020,6,"Melkabelo_Ido_Lencha","LULC_Melkabelo_Ido_Lencha_2020_6.tif"
"Melkabelo Ido Lencha",2020,12,"Melkabelo_Ido_Lencha","LULC_Melkabelo_Ido_Lencha_2020_12.tif"
"Melkabelo Ido Lencha",2021,6,"Melkabelo_Ido_Lencha","LULC_Melkabelo_Ido_Lencha_2021_6.tif"
"Melkabelo Ido Lencha",2021,12,"Melkabelo_Ido_Lencha","LULC_Melkabelo_Ido_Lencha_2021_12.tif"
"Melkabelo Ido Lencha",2022,6,"Melkabelo_Ido_Lencha","LULC_Melkabelo_Ido_Lencha_2022_6.tif"
"Melkabelo Ido Lencha",2023,6,"Melkabelo_Ido_Lencha","LULC_Melkabelo_Ido_Lencha_2023_6.tif"
"Melkabelo Ido Lencha",2023,12,"Melkabelo_Ido_Lencha","LULC_Melkabelo_Ido_Lencha_2023_12.tif"
"Babile Sadiq",2018,10,"Babile_Sadiq","Control_LULC_Babile_Sadiq_2018_10.tif"
"Babile Sadiq",2019,4,"Babile_Sadiq","Control_LULC_Babile_Sadiq_2019_4.tif"
"Babile Sadiq",2019,10,"Babile_Sadiq","Control_LULC_Babile_Sadiq_2019_10.tif"
"Babile Sadiq",2020,4,"Babile_Sadiq","Control_LULC_Babile_Sadiq_2020_4.tif"
"Babile Sadiq",2020,10,"Babile_Sadiq","Control_LULC_Babile_Sadiq_2020_10.tif"
"Babile Sadiq",2021,4,"Babile_Sadiq","Control_LULC_Babile_Sadiq_2021_4.tif"
"Babile Sadiq",2021,10,"Babile_Sadiq","Control_LULC_Babile_Sadiq_2021_10.tif"
"Babile Sadiq",2022,4,"Babile_Sadiq","Control_LULC_Babile_Sadiq_2022_4.tif"
"Babile Sadiq",2022,10,"Babile_Sadiq","Control_LULC_Babile_Sadiq_2022_10.tif"
"Babile Sadiq",2023,10,"Babile_Sadiq","Control_LULC_Babile_Sadiq_2023_10.tif"
"Babile Shekumar",2018,4,"Babile_Shekumar","Control_LULC_Babile_Shekumar_2018_4.tif"
"Babile Shekumar",2018,10,"Babile_Shekumar","Control_LULC_Babile_Shekumar_2018_10.tif"
"Babile Shekumar",2019,4,"Babile_Shekumar","Control_LULC_Babile_Shekumar_2019_4.tif"
"Babile Shekumar",2019,10,"Babile_Shekumar","Control_LULC_Babile_Shekumar_2019_10.tif"
"Babile Shekumar",2020,4,"Babile_Shekumar","Control_LULC_Babile_Shekumar_2020_4.tif"
"Babile Shekumar",2020,10,"Babile_Shekumar","Control_LULC_Babile_Shekumar_2020_10.tif"
"Babile Shekumar",2021,4,"Babile_Shekumar","Control_LULC_Babile_Shekumar_2021_4.tif"
"Babile Shekumar",2021,10,"Babile_Shekumar","Control_LULC_Babile_Shekumar_2021_10.tif"
"Babile Shekumar",2022,4,"Babile_Shekumar","Control_LULC_Babile_Shekumar_2022_4.tif"
"Babile Shekumar",2022,10,"Babile_Shekumar","Control_LULC_Babile_Shekumar_2022_10.tif"
"Babile Shekumar",2023,10,"Babile_Shekumar","Control_LULC_Babile_Shekumar_2023_10.tif"
"Deder Dimmaa",2018,10,"Deder_Dimmaa","Control_LULC_Deder_Dimmaa_2018_10.tif"
"Deder Dimmaa",2019,4,"Deder_Dimmaa","Control_LULC_Deder_Dimmaa_2019_4.tif"
"Deder Dimmaa",2019,10,"Deder_Dimmaa","Control_LULC_Deder_Dimmaa_2019_10.tif"
"Deder Dimmaa",2020,10,"Deder_Dimmaa","Control_LULC_Deder_Dimmaa_2020_10.tif"
"Deder Dimmaa",2021,4,"Deder_Dimmaa","Control_LULC_Deder_Dimmaa_2021_4.tif"
"Deder Dimmaa",2021,10,"Deder_Dimmaa","Control_LULC_Deder_Dimmaa_2021_10.tif"
"Deder Dimmaa",2022,4,"Deder_Dimmaa","Control_LULC_Deder_Dimmaa_2022_4.tif"
"Deder Dimmaa",2022,10,"Deder_Dimmaa","Control_LULC_Deder_Dimmaa_2022_10.tif"
"Deder Dimmaa",2023,10,"Deder_Dimmaa","Control_LULC_Deder_Dimmaa_2023_10.tif"
"Fedis Bidi Bora",2018,10,"Fedis_Bidi_Bora","Control_LULC_Fedis_Bidi_Bora_2018_10.tif"
"Fedis Bidi Bora",2019,4,"Fedis_Bidi_Bora","Control_LULC_Fedis_Bidi_Bora_2019_4.tif"
"Fedis Bidi Bora",2019,10,"Fedis_Bidi_Bora","Control_LULC_Fedis_Bidi_Bora_2019_10.tif"
"Fedis Bidi Bora",2020,4,"Fedis_Bidi_Bora","Control_LULC_Fedis_Bidi_Bora_2020_4.tif"
"Fedis Bidi Bora",2020,10,"Fedis_Bidi_Bora","Control_LULC_Fedis_Bidi_Bora_2020_10.tif"
"Fedis Bidi Bora",2021,4,"Fedis_Bidi_Bora","Control_LULC_Fedis_Bidi_Bora_2021_4.tif"
"Fedis Bidi Bora",2021,10,"Fedis_Bidi_Bora","Control_LULC_Fedis_Bidi_Bora_2021_10.tif"
"Fedis Bidi Bora",2022,4,"Fedis_Bidi_Bora","Control_LULC_Fedis_Bidi_Bora_2022_4.tif"
"Fedis Bidi Bora",2022,10,"Fedis_Bidi_Bora","Control_LULC_Fedis_Bidi_Bora_2022_10.tif"
"Fedis Bidi Bora",2023,10,"Fedis_Bidi_Bora","Control_LULC_Fedis_Bidi_Bora_2023_10.tif"
"Gursum Egal",2018,4,"Gursum_Egal","Control_LULC_Gursum_Egal_2018_4.tif"
"Gursum Egal",2018,10,"Gursum_Egal","Control_LULC_Gursum_Egal_2018_10.tif"
"Gursum Egal",2019,4,"Gursum_Egal","Control_LULC_Gursum_Egal_2019_4.tif"
"Gursum Egal",2019,10,"Gursum_Egal","Control_LULC_Gursum_Egal_2019_10.tif"
"Gursum Egal",2020,4,"Gursum_Egal","Control_LULC_Gursum_Egal_2020_4.tif"
"Gursum Egal",2020,10,"Gursum_Egal","Control_LULC_Gursum_Egal_2020_10.tif"
"Gursum Egal",2021,4,"Gursum_Egal","Control_LULC_Gursum_Egal_2021_4.tif"
"Gursum Egal",2021,10,"Gursum_Egal","Control_LULC_Gursum_Egal_2021_10.tif"
"Gursum Egal",2022,4,"Gursum_Egal","Control_LULC_Gursum_Egal_2022_4.tif"
"Gursum Egal",2022,10,"Gursum_Egal","Control_LULC_Gursum_Egal_2022_10.tif"
"Gursum Egal",2023,10,"Gursum_Egal","Control_LULC_Gursum_Egal_2023_10.tif"
"Melkabelo Bakaki",2018,4,"Melkabelo_Bakaki","Control_LULC_Melkabelo_Bakaki_2018_4.tif"
"Melkabelo Bakaki",2018,10,"Melkabelo_Bakaki","Control_LULC_Melkabelo_Bakaki_2018_10.tif"
"Melkabelo Bakaki",2019,4,"Melkabelo_Bakaki","Control_LULC_Melkabelo_Bakaki_2019_4.tif"
"Melkabelo Bakaki",2019,10,"Melkabelo_Bakaki","Control_LULC_Melkabelo_Bakaki_2019_10.tif"
"Melkabelo Bakaki",2020,4,"Melkabelo_Bakaki","Control_LULC_Melkabelo_Bakaki_2020_4.tif"
"Melkabelo Bakaki",2020,10,"Melkabelo_Bakaki","Control_LULC_Melkabelo_Bakaki_2020_10.tif"
"Melkabelo Bakaki",2021,4,"Melkabelo_Bakaki","Control_LULC_Melkabelo_Bakaki_2021_4.tif"
"Melkabelo Bakaki",2021,10,"Melkabelo_Bakaki","Control_LULC_Melkabelo_Bakaki_2021_10.tif"
"Melkabelo Bakaki",2022,4,"Melkabelo_Bakaki","Control_LULC_Melkabelo_Bakaki_2022_4.tif"
"Melkabelo Bakaki",2022,10,"Melkabelo_Bakaki","Control_LULC_Melkabelo_Bakaki_2022_10.tif"
"Melkabelo Bakaki",2023,4,"Melkabelo_Bakaki","Control_LULC_Melkabelo_Bakaki_2023_4.tif"
"Melkabelo Bakaki",2023,10,"Melkabelo_Bakaki","Control_LULC_Melkabelo_Bakaki_2023_10.tif"
"Melkabelo Gola Warabo",2018,4,"Melkabelo_Gola_Warabo","Control_LULC_Melkabelo_Gola_Warabo_2018_4.tif"
"Melkabelo Gola Warabo",2018,10,"Melkabelo_Gola_Warabo","Control_LULC_Melkabelo_Gola_Warabo_2018_10.tif"
"Melkabelo Gola Warabo",2019,4,"Melkabelo_Gola_Warabo","Control_LULC_Melkabelo_Gola_Warabo_2019_4.tif"
"Melkabelo Gola Warabo",2019,10,"Melkabelo_Gola_Warabo","Control_LULC_Melkabelo_Gola_Warabo_2019_10.tif"
"Melkabelo Gola Warabo",2020,4,"Melkabelo_Gola_Warabo","Control_LULC_Melkabelo_Gola_Warabo_2020_4.tif"
"Melkabelo Gola Warabo",2020,10,"Melkabelo_Gola_Warabo","Control_LULC_Melkabelo_Gola_Warabo_2020_10.tif"
"Melkabelo Gola Warabo",2021,4,"Melkabelo_Gola_Warabo","Control_LULC_Melkabelo_Gola_Warabo_2021_4.tif"
"Melkabelo Gola Warabo",2021,10,"Melkabelo_Gola_Warabo","Control_LULC_Melkabelo_Gola_Warabo_2021_10.tif"
"Melkabelo Gola Warabo",2022,4,"Melkabelo_Gola_Warabo","Control_LULC_Melkabelo_Gola_Warabo_2022_4.tif"
"Melkabelo Gola Warabo",2022,10,"Melkabelo_Gola_Warabo","Control_LULC_Melkabelo_Gola_Warabo_2022_10.tif"
"Melkabelo Gola Warabo",2023,4,"Melkabelo_Gola_Warabo","Control_LULC_Melkabelo_Gola_Warabo_2023_4.tif"
"Melkabelo Gola Warabo",2023,10,"Melkabelo_Gola_Warabo","Control_LULC_Melkabelo_Gola_Warabo_2023_10.tif"
"Midhega Tola Ibro",2018,10,"Midhega_Tola_Ibro","Control_LULC_Midhega_Tola_Ibro_2018_10.tif"
"Midhega Tola Ibro",2019,4,"Midhega_Tola_Ibro","Control_LULC_Midhega_Tola_Ibro_2019_4.tif"
"Midhega Tola Ibro",2019,10,"Midhega_Tola_Ibro","Control_LULC_Midhega_Tola_Ibro_2019_10.tif"
"Midhega Tola Ibro",2020,4,"Midhega_Tola_Ibro","Control_LULC_Midhega_Tola_Ibro_2020_4.tif"
"Midhega Tola Ibro",2020,10,"Midhega_Tola_Ibro","Control_LULC_Midhega_Tola_Ibro_2020_10.tif"
"Midhega Tola Ibro",2021,4,"Midhega_Tola_Ibro","Control_LULC_Midhega_Tola_Ibro_2021_4.tif"
"Midhega Tola Ibro",2021,10,"Midhega_Tola_Ibro","Control_LULC_Midhega_Tola_Ibro_2021_10.tif"
"Midhega Tola Ibro",2022,4,"Midhega_Tola_Ibro","Control_LULC_Midhega_Tola_Ibro_2022_4.tif"
"Midhega Tola Ibro",2022,10,"Midhega_Tola_Ibro","Control_LULC_Midhega_Tola_Ibro_2022_10.tif"
"Midhega Tola Ibro",2023,10,"Midhega_Tola_Ibro","Control_LULC_Midhega_Tola_Ibro_2023_10.tif"
"Midhega Tola Quufa",2018,10,"Midhega_Tola_Quufa","Control_LULC_Midhega_Tola_Quufa_2018_10.tif"
"Midhega Tola Quufa",2019,4,"Midhega_Tola_Quufa","Control_LULC_Midhega_Tola_Quufa_2019_4.tif"
"Midhega Tola Quufa",2019,10,"Midhega_Tola_Quufa","Control_LULC_Midhega_Tola_Quufa_2019_10.tif"
"Midhega Tola Quufa",2020,4,"Midhega_Tola_Quufa","Control_LULC_Midhega_Tola_Quufa_2020_4.tif"
"Midhega Tola Quufa",2020,10,"Midhega_Tola_Quufa","Control_LULC_Midhega_Tola_Quufa_2020_10.tif"
"Midhega Tola Quufa",2021,10,"Midhega_Tola_Quufa","Control_LULC_Midhega_Tola_Quufa_2021_10.tif"
"Midhega Tola Quufa",2022,4,"Midhega_Tola_Quufa","Control_LULC_Midhega_Tola_Quufa_2022_4.tif"
"Midhega Tola Quufa",2022,10,"Midhega_Tola_Quufa","Control_LULC_Midhega_Tola_Quufa_2022_10.tif"
"Midhega Tola Quufa",2023,10,"Midhega_Tola_Quufa","Control_LULC_Midhega_Tola_Quufa_2023_10.tif"
"Midhega Tola Tarkanfata",2018,10,"Midhega_Tola_Tarkanfata","Control_LULC_Midhega_Tola_Tarkanfata_2018_10.tif"
"Midhega Tola Tarkanfata",2019,4,"Midhega_Tola_Tarkanfata","Control_LULC_Midhega_Tola_Tarkanfata_2019_4.tif"
"Midhega Tola Tarkanfata",2019,10,"Midhega_Tola_Tarkanfata","Control_LULC_Midhega_Tola_Tarkanfata_2019_10.tif"
"Midhega Tola Tarkanfata",2020,10,"Midhega_Tola_Tarkanfata","Control_LULC_Midhega_Tola_Tarkanfata_2020_10.tif"
"Midhega Tola Tarkanfata",2021,10,"Midhega_Tola_Tarkanfata","Control_LULC_Midhega_Tola_Tarkanfata_2021_10.tif"
"Midhega Tola Tarkanfata",2022,4,"Midhega_Tola_Tarkanfata","Control_LULC_Midhega_Tola_Tarkanfata_2022_4.tif"
"Midhega Tola Tarkanfata",2022,10,"Midhega_Tola_Tarkanfata","Control_LULC_Midhega_Tola_Tarkanfata_2022_10.tif"
"Midhega Tola Tarkanfata",2023,10,"Midhega_Tola_Tarkanfata","Control_LULC_Midhega_Tola_Tarkanfata_2023_10.tif"
"Midhega Tola Urji",2018,10,"Midhega_Tola_Urji","Control_LULC_Midhega_Tola_Urji_2018_10.tif"
"Midhega Tola Urji",2019,4,"Midhega_Tola_Urji","Control_LULC_Midhega_Tola_Urji_2019_4.tif"
"Midhega Tola Urji",2019,10,"Midhega_Tola_Urji","Control_LULC_Midhega_Tola_Urji_2019_10.tif"
"Midhega Tola Urji",2020,4,"Midhega_Tola_Urji","Control_LULC_Midhega_Tola_Urji_2020_4.tif"
"Midhega Tola Urji",2020,10,"Midhega_Tola_Urji","Control_LULC_Midhega_Tola_Urji_2020_10.tif"
"Midhega Tola Urji",2021,10,"Midhega_Tola_Urji","Control_LULC_Midhega_Tola_Urji_2021_10.tif"
"Midhega Tola Urji",2022,4,"Midhega_Tola_Urji","Control_LULC_Midhega_Tola_Urji_2022_4.tif"
"Midhega Tola Urji",2022,10,"Midhega_Tola_Urji","Control_LULC_Midhega_Tola_Urji_2022_10.tif"
"Midhega Tola Urji",2023,10,"Midhega_Tola_Urji","Control_LULC_Midhega_Tola_Urji_2023_10.tif"
"Babile Ija Butuu",2018,6,"Babile_Ija_Butuu","Control_LULC_Babile_Ija_Butuu_2018_6.tif"
"Babile Ija Butuu",2018,11,"Babile_Ija_Butuu","Control_LULC_Babile_Ija_Butuu_2018_11.tif"
"Babile Ija Butuu",2019,11,"Babile_Ija_Butuu","Control_LULC_Babile_Ija_Butuu_2019_11.tif"
"Babile Ija Butuu",2020,11,"Babile_Ija_Butuu","Control_LULC_Babile_Ija_Butuu_2020_11.tif"
"Babile Ija Butuu",2021,6,"Babile_Ija_Butuu","Control_LULC_Babile_Ija_Butuu_2021_6.tif"
"Babile Ija Butuu",2021,11,"Babile_Ija_Butuu","Control_LULC_Babile_Ija_Butuu_2021_11.tif"
"Babile Ija Butuu",2022,6,"Babile_Ija_Butuu","Control_LULC_Babile_Ija_Butuu_2022_6.tif"
"Babile Ija Butuu",2022,11,"Babile_Ija_Butuu","Control_LULC_Babile_Ija_Butuu_2022_11.tif"
"Babile Ija Butuu",2023,6,"Babile_Ija_Butuu","Control_LULC_Babile_Ija_Butuu_2023_6.tif"
"Babile Ija Butuu",2023,11,"Babile_Ija_Butuu","Control_LULC_Babile_Ija_Butuu_2023_11.tif"
"Chinakson Tula Wadaje",2018,6,"Chinakson_Tula_Wadaje","Control_LULC_Chinakson_Tula_Wadaje_2018_6.tif"
"Chinakson Tula Wadaje",2018,11,"Chinakson_Tula_Wadaje","Control_LULC_Chinakson_Tula_Wadaje_2018_11.tif"
"Chinakson Tula Wadaje",2019,11,"Chinakson_Tula_Wadaje","Control_LULC_Chinakson_Tula_Wadaje_2019_11.tif"
"Chinakson Tula Wadaje",2020,11,"Chinakson_Tula_Wadaje","Control_LULC_Chinakson_Tula_Wadaje_2020_11.tif"
"Chinakson Tula Wadaje",2021,6,"Chinakson_Tula_Wadaje","Control_LULC_Chinakson_Tula_Wadaje_2021_6.tif"
"Chinakson Tula Wadaje",2021,11,"Chinakson_Tula_Wadaje","Control_LULC_Chinakson_Tula_Wadaje_2021_11.tif"
"Chinakson Tula Wadaje",2022,6,"Chinakson_Tula_Wadaje","Control_LULC_Chinakson_Tula_Wadaje_2022_6.tif"
"Chinakson Tula Wadaje",2022,11,"Chinakson_Tula_Wadaje","Control_LULC_Chinakson_Tula_Wadaje_2022_11.tif"
"Chinakson Tula Wadaje",2023,6,"Chinakson_Tula_Wadaje","Control_LULC_Chinakson_Tula_Wadaje_2023_6.tif"
"Chinakson Tula Wadaje",2023,11,"Chinakson_Tula_Wadaje","Control_LULC_Chinakson_Tula_Wadaje_2023_11.tif"
"Gursum Biyo Nagaya",2018,6,"Gursum_Biyo_Nagaya","Control_LULC_Gursum_Biyo_Nagaya_2018_6.tif"
"Gursum Biyo Nagaya",2018,11,"Gursum_Biyo_Nagaya","Control_LULC_Gursum_Biyo_Nagaya_2018_11.tif"
"Gursum Biyo Nagaya",2019,11,"Gursum_Biyo_Nagaya","Control_LULC_Gursum_Biyo_Nagaya_2019_11.tif"
"Gursum Biyo Nagaya",2020,11,"Gursum_Biyo_Nagaya","Control_LULC_Gursum_Biyo_Nagaya_2020_11.tif"
"Gursum Biyo Nagaya",2021,11,"Gursum_Biyo_Nagaya","Control_LULC_Gursum_Biyo_Nagaya_2021_11.tif"
"Gursum Biyo Nagaya",2022,6,"Gursum_Biyo_Nagaya","Control_LULC_Gursum_Biyo_Nagaya_2022_6.tif"
"Gursum Biyo Nagaya",2022,11,"Gursum_Biyo_Nagaya","Control_LULC_Gursum_Biyo_Nagaya_2022_11.tif"
"Gursum Biyo Nagaya",2023,6,"Gursum_Biyo_Nagaya","Control_LULC_Gursum_Biyo_Nagaya_2023_6.tif"
"Gursum Biyo Nagaya",2023,11,"Gursum_Biyo_Nagaya","Control_LULC_Gursum_Biyo_Nagaya_2023_11.tif"
"Melkabelo Gadame",2018,6,"Melkabelo_Gadame","Control_LULC_Melkabelo_Gadame_2018_6.tif"
"Melkabelo Gadame",2018,12,"Melkabelo_Gadame","Control_LULC_Melkabelo_Gadame_2018_12.tif"
"Melkabelo Gadame",2019,6,"Melkabelo_Gadame","Control_LULC_Melkabelo_Gadame_2019_6.tif"
"Melkabelo Gadame",2019,12,"Melkabelo_Gadame","Control_LULC_Melkabelo_Gadame_2019_12.tif"
"Melkabelo Gadame",2020,6,"Melkabelo_Gadame","Control_LULC_Melkabelo_Gadame_2020_6.tif"
"Melkabelo Gadame",2020,12,"Melkabelo_Gadame","Control_LULC_Melkabelo_Gadame_2020_12.tif"
"Melkabelo Gadame",2021,6,"Melkabelo_Gadame","Control_LULC_Melkabelo_Gadame_2021_6.tif"
"Melkabelo Gadame",2021,12,"Melkabelo_Gadame","Control_LULC_Melkabelo_Gadame_2021_12.tif"
"Melkabelo Gadame",2022,6,"Melkabelo_Gadame","Control_LULC_Melkabelo_Gadame_2022_6.tif"
"Melkabelo Gadame",2022,12,"Melkabelo_Gadame","Control_LULC_Melkabelo_Gadame_2022_12.tif"
"Melkabelo Gadame",2023,6,"Melkabelo_Gadame","Control_LULC_Melkabelo_Gadame_2023_6.tif"
"Melkabelo Gadame",2023,12,"Melkabelo_Gadame","Control_LULC_Melkabelo_Gadame_2023_12.tif"
