"WSNAME","YEAR","MONTHNUM","FILENAME"
"Babile Cacatu sulula",2017,4,"Babile_Cacatu_sulula__3_NDVI_mean.tif"
"Babile Cacatu sulula",2017,10,"Babile_Cacatu_sulula__9_NDVI_mean.tif"
"Babile Cacatu sulula",2018,4,"Babile_Cacatu_sulula__15_NDVI_mean.tif"
"Babile Cacatu sulula",2018,10,"Babile_Cacatu_sulula__21_NDVI_mean.tif"
"Babile Cacatu sulula",2019,4,"Babile_Cacatu_sulula__27_NDVI_mean.tif"
"Babile Cacatu sulula",2019,10,"Babile_Cacatu_sulula__33_NDVI_mean.tif"
"Babile Cacatu sulula",2020,4,"Babile_Cacatu_sulula__39_NDVI_mean.tif"
"Babile Cacatu sulula",2020,10,"Babile_Cacatu_sulula__45_NDVI_mean.tif"
"Babile Cacatu sulula",2021,4,"Babile_Cacatu_sulula__51_NDVI_mean.tif"
"Babile Cacatu sulula",2021,10,"Babile_Cacatu_sulula__57_NDVI_mean.tif"
"Babile Cacatu sulula",2022,4,"Babile_Cacatu_sulula__63_NDVI_mean.tif"
"Babile Cacatu sulula",2022,10,"Babile_Cacatu_sulula__69_NDVI_mean.tif"
"Babile Cacatu sulula",2023,4,"Babile_Cacatu_sulula__75_NDVI_mean.tif"
"Babile Cacatu sulula",2023,10,"Babile_Cacatu_sulula__81_NDVI_mean.tif"
"Babile Guutoo",2017,4,"Babile_Guutoo__3_NDVI_mean.tif"
"Babile Guutoo",2017,10,"Babile_Guutoo__9_NDVI_mean.tif"
"Babile Guutoo",2018,4,"Babile_Guutoo__15_NDVI_mean.tif"
"Babile Guutoo",2018,10,"Babile_Guutoo__21_NDVI_mean.tif"
"Babile Guutoo",2019,4,"Babile_Guutoo__27_NDVI_mean.tif"
"Babile Guutoo",2019,10,"Babile_Guutoo__33_NDVI_mean.tif"
"Babile Guutoo",2020,4,"Babile_Guutoo__39_NDVI_mean.tif"
"Babile Guutoo",2020,10,"Babile_Guutoo__45_NDVI_mean.tif"
"Babile Guutoo",2021,4,"Babile_Guutoo__51_NDVI_mean.tif"
"Babile Guutoo",2021,10,"Babile_Guutoo__57_NDVI_mean.tif"
"Babile Guutoo",2022,4,"Babile_Guutoo__63_NDVI_mean.tif"
"Babile Guutoo",2022,10,"Babile_Guutoo__69_NDVI_mean.tif"
"Babile Guutoo",2023,4,"Babile_Guutoo__75_NDVI_mean.tif"
"Babile Guutoo",2023,10,"Babile_Guutoo__81_NDVI_mean.tif"
"Babile Qabanawa sulula",2017,4,"Babile_Qabanawa_sulula__3_NDVI_mean.tif"
"Babile Qabanawa sulula",2017,10,"Babile_Qabanawa_sulula__9_NDVI_mean.tif"
"Babile Qabanawa sulula",2018,4,"Babile_Qabanawa_sulula__15_NDVI_mean.tif"
"Babile Qabanawa sulula",2018,10,"Babile_Qabanawa_sulula__21_NDVI_mean.tif"
"Babile Qabanawa sulula",2019,4,"Babile_Qabanawa_sulula__27_NDVI_mean.tif"
"Babile Qabanawa sulula",2019,10,"Babile_Qabanawa_sulula__33_NDVI_mean.tif"
"Babile Qabanawa sulula",2020,4,"Babile_Qabanawa_sulula__39_NDVI_mean.tif"
"Babile Qabanawa sulula",2020,10,"Babile_Qabanawa_sulula__45_NDVI_mean.tif"
"Babile Qabanawa sulula",2021,4,"Babile_Qabanawa_sulula__51_NDVI_mean.tif"
"Babile Qabanawa sulula",2021,10,"Babile_Qabanawa_sulula__57_NDVI_mean.tif"
"Babile Qabanawa sulula",2022,4,"Babile_Qabanawa_sulula__63_NDVI_mean.tif"
"Babile Qabanawa sulula",2022,10,"Babile_Qabanawa_sulula__69_NDVI_mean.tif"
"Babile Qabanawa sulula",2023,4,"Babile_Qabanawa_sulula__75_NDVI_mean.tif"
"Babile Qabanawa sulula",2023,10,"Babile_Qabanawa_sulula__81_NDVI_mean.tif"
"Fedis Gona",2017,4,"Fedis_Gona__3_NDVI_mean.tif"
"Fedis Gona",2017,10,"Fedis_Gona__9_NDVI_mean.tif"
"Fedis Gona",2018,4,"Fedis_Gona__15_NDVI_mean.tif"
"Fedis Gona",2018,10,"Fedis_Gona__21_NDVI_mean.tif"
"Fedis Gona",2019,4,"Fedis_Gona__27_NDVI_mean.tif"
"Fedis Gona",2019,10,"Fedis_Gona__33_NDVI_mean.tif"
"Fedis Gona",2020,4,"Fedis_Gona__39_NDVI_mean.tif"
"Fedis Gona",2020,10,"Fedis_Gona__45_NDVI_mean.tif"
"Fedis Gona",2021,4,"Fedis_Gona__51_NDVI_mean.tif"
"Fedis Gona",2021,10,"Fedis_Gona__57_NDVI_mean.tif"
"Fedis Gona",2022,4,"Fedis_Gona__63_NDVI_mean.tif"
"Fedis Gona",2022,10,"Fedis_Gona__69_NDVI_mean.tif"
"Fedis Gona",2023,4,"Fedis_Gona__75_NDVI_mean.tif"
"Fedis Gona",2023,10,"Fedis_Gona__81_NDVI_mean.tif"
"Fedis Ija Garo",2017,4,"Fedis_Ija_Garo__3_NDVI_mean.tif"
"Fedis Ija Garo",2017,10,"Fedis_Ija_Garo__9_NDVI_mean.tif"
"Fedis Ija Garo",2018,4,"Fedis_Ija_Garo__15_NDVI_mean.tif"
"Fedis Ija Garo",2018,10,"Fedis_Ija_Garo__21_NDVI_mean.tif"
"Fedis Ija Garo",2019,4,"Fedis_Ija_Garo__27_NDVI_mean.tif"
"Fedis Ija Garo",2019,10,"Fedis_Ija_Garo__33_NDVI_mean.tif"
"Fedis Ija Garo",2020,4,"Fedis_Ija_Garo__39_NDVI_mean.tif"
"Fedis Ija Garo",2020,10,"Fedis_Ija_Garo__45_NDVI_mean.tif"
"Fedis Ija Garo",2021,4,"Fedis_Ija_Garo__51_NDVI_mean.tif"
"Fedis Ija Garo",2021,10,"Fedis_Ija_Garo__57_NDVI_mean.tif"
"Fedis Ija Garo",2022,4,"Fedis_Ija_Garo__63_NDVI_mean.tif"
"Fedis Ija Garo",2022,10,"Fedis_Ija_Garo__69_NDVI_mean.tif"
"Fedis Ija Garo",2023,4,"Fedis_Ija_Garo__75_NDVI_mean.tif"
"Fedis Ija Garo",2023,10,"Fedis_Ija_Garo__81_NDVI_mean.tif"
"Jarso Ali Elemo",2017,4,"Jarso_Ali_Elemo__3_NDVI_mean.tif"
"Jarso Ali Elemo",2017,10,"Jarso_Ali_Elemo__9_NDVI_mean.tif"
"Jarso Ali Elemo",2018,4,"Jarso_Ali_Elemo__15_NDVI_mean.tif"
"Jarso Ali Elemo",2018,10,"Jarso_Ali_Elemo__21_NDVI_mean.tif"
"Jarso Ali Elemo",2019,4,"Jarso_Ali_Elemo__27_NDVI_mean.tif"
"Jarso Ali Elemo",2019,10,"Jarso_Ali_Elemo__33_NDVI_mean.tif"
"Jarso Ali Elemo",2020,4,"Jarso_Ali_Elemo__39_NDVI_mean.tif"
"Jarso Ali Elemo",2020,10,"Jarso_Ali_Elemo__45_NDVI_mean.tif"
"Jarso Ali Elemo",2021,4,"Jarso_Ali_Elemo__51_NDVI_mean.tif"
"Jarso Ali Elemo",2021,10,"Jarso_Ali_Elemo__57_NDVI_mean.tif"
"Jarso Ali Elemo",2022,4,"Jarso_Ali_Elemo__63_NDVI_mean.tif"
"Jarso Ali Elemo",2022,10,"Jarso_Ali_Elemo__69_NDVI_mean.tif"
"Jarso Ali Elemo",2023,4,"Jarso_Ali_Elemo__75_NDVI_mean.tif"
"Jarso Ali Elemo",2023,10,"Jarso_Ali_Elemo__81_NDVI_mean.tif"
"Jarso Ebo",2017,4,"Jarso_Ebo__3_NDVI_mean.tif"
"Jarso Ebo",2017,10,"Jarso_Ebo__9_NDVI_mean.tif"
"Jarso Ebo",2018,4,"Jarso_Ebo__15_NDVI_mean.tif"
"Jarso Ebo",2018,10,"Jarso_Ebo__21_NDVI_mean.tif"
"Jarso Ebo",2019,4,"Jarso_Ebo__27_NDVI_mean.tif"
"Jarso Ebo",2019,10,"Jarso_Ebo__33_NDVI_mean.tif"
"Jarso Ebo",2020,4,"Jarso_Ebo__39_NDVI_mean.tif"
"Jarso Ebo",2020,10,"Jarso_Ebo__45_NDVI_mean.tif"
"Jarso Ebo",2021,4,"Jarso_Ebo__51_NDVI_mean.tif"
"Jarso Ebo",2021,10,"Jarso_Ebo__57_NDVI_mean.tif"
"Jarso Ebo",2022,4,"Jarso_Ebo__63_NDVI_mean.tif"
"Jarso Ebo",2022,10,"Jarso_Ebo__69_NDVI_mean.tif"
"Jarso Ebo",2023,4,"Jarso_Ebo__75_NDVI_mean.tif"
"Jarso Ebo",2023,10,"Jarso_Ebo__81_NDVI_mean.tif"
"Jarso Ija Lencha",2017,4,"Jarso_Ija_Lencha__3_NDVI_mean.tif"
"Jarso Ija Lencha",2017,10,"Jarso_Ija_Lencha__9_NDVI_mean.tif"
"Jarso Ija Lencha",2018,4,"Jarso_Ija_Lencha__15_NDVI_mean.tif"
"Jarso Ija Lencha",2018,10,"Jarso_Ija_Lencha__21_NDVI_mean.tif"
"Jarso Ija Lencha",2019,4,"Jarso_Ija_Lencha__27_NDVI_mean.tif"
"Jarso Ija Lencha",2019,10,"Jarso_Ija_Lencha__33_NDVI_mean.tif"
"Jarso Ija Lencha",2020,4,"Jarso_Ija_Lencha__39_NDVI_mean.tif"
"Jarso Ija Lencha",2020,10,"Jarso_Ija_Lencha__45_NDVI_mean.tif"
"Jarso Ija Lencha",2021,4,"Jarso_Ija_Lencha__51_NDVI_mean.tif"
"Jarso Ija Lencha",2021,10,"Jarso_Ija_Lencha__57_NDVI_mean.tif"
"Jarso Ija Lencha",2022,4,"Jarso_Ija_Lencha__63_NDVI_mean.tif"
"Jarso Ija Lencha",2022,10,"Jarso_Ija_Lencha__69_NDVI_mean.tif"
"Jarso Ija Lencha",2023,4,"Jarso_Ija_Lencha__75_NDVI_mean.tif"
"Jarso Ija Lencha",2023,10,"Jarso_Ija_Lencha__81_NDVI_mean.tif"
"Melkabelo Gola gale",2017,4,"Melkabelo_Gola_gale__3_NDVI_mean.tif"
"Melkabelo Gola gale",2017,10,"Melkabelo_Gola_gale__9_NDVI_mean.tif"
"Melkabelo Gola gale",2018,4,"Melkabelo_Gola_gale__15_NDVI_mean.tif"
"Melkabelo Gola gale",2018,10,"Melkabelo_Gola_gale__21_NDVI_mean.tif"
"Melkabelo Gola gale",2019,4,"Melkabelo_Gola_gale__27_NDVI_mean.tif"
"Melkabelo Gola gale",2019,10,"Melkabelo_Gola_gale__33_NDVI_mean.tif"
"Melkabelo Gola gale",2020,4,"Melkabelo_Gola_gale__39_NDVI_mean.tif"
"Melkabelo Gola gale",2020,10,"Melkabelo_Gola_gale__45_NDVI_mean.tif"
"Melkabelo Gola gale",2021,4,"Melkabelo_Gola_gale__51_NDVI_mean.tif"
"Melkabelo Gola gale",2021,10,"Melkabelo_Gola_gale__57_NDVI_mean.tif"
"Melkabelo Gola gale",2022,4,"Melkabelo_Gola_gale__63_NDVI_mean.tif"
"Melkabelo Gola gale",2022,10,"Melkabelo_Gola_gale__69_NDVI_mean.tif"
"Melkabelo Gola gale",2023,4,"Melkabelo_Gola_gale__75_NDVI_mean.tif"
"Melkabelo Gola gale",2023,10,"Melkabelo_Gola_gale__81_NDVI_mean.tif"
"Meta Hawi Gudina",2017,4,"Meta_Hawi_Gudina__3_NDVI_mean.tif"
"Meta Hawi Gudina",2017,10,"Meta_Hawi_Gudina__9_NDVI_mean.tif"
"Meta Hawi Gudina",2018,4,"Meta_Hawi_Gudina__15_NDVI_mean.tif"
"Meta Hawi Gudina",2018,10,"Meta_Hawi_Gudina__21_NDVI_mean.tif"
"Meta Hawi Gudina",2019,4,"Meta_Hawi_Gudina__27_NDVI_mean.tif"
"Meta Hawi Gudina",2019,10,"Meta_Hawi_Gudina__33_NDVI_mean.tif"
"Meta Hawi Gudina",2020,4,"Meta_Hawi_Gudina__39_NDVI_mean.tif"
"Meta Hawi Gudina",2020,10,"Meta_Hawi_Gudina__45_NDVI_mean.tif"
"Meta Hawi Gudina",2021,4,"Meta_Hawi_Gudina__51_NDVI_mean.tif"
"Meta Hawi Gudina",2021,10,"Meta_Hawi_Gudina__57_NDVI_mean.tif"
"Meta Hawi Gudina",2022,4,"Meta_Hawi_Gudina__63_NDVI_mean.tif"
"Meta Hawi Gudina",2022,10,"Meta_Hawi_Gudina__69_NDVI_mean.tif"
"Meta Hawi Gudina",2023,4,"Meta_Hawi_Gudina__75_NDVI_mean.tif"
"Meta Hawi Gudina",2023,10,"Meta_Hawi_Gudina__81_NDVI_mean.tif"
"Midhega Tola Gunda Usman",2017,10,"Midhega_Tola_Gunda_Usman__9_NDVI_mean.tif"
"Midhega Tola Gunda Usman",2018,4,"Midhega_Tola_Gunda_Usman__15_NDVI_mean.tif"
"Midhega Tola Gunda Usman",2018,10,"Midhega_Tola_Gunda_Usman__21_NDVI_mean.tif"
"Midhega Tola Gunda Usman",2019,4,"Midhega_Tola_Gunda_Usman__27_NDVI_mean.tif"
"Midhega Tola Gunda Usman",2019,10,"Midhega_Tola_Gunda_Usman__33_NDVI_mean.tif"
"Midhega Tola Gunda Usman",2020,4,"Midhega_Tola_Gunda_Usman__39_NDVI_mean.tif"
"Midhega Tola Gunda Usman",2020,10,"Midhega_Tola_Gunda_Usman__45_NDVI_mean.tif"
"Midhega Tola Gunda Usman",2021,4,"Midhega_Tola_Gunda_Usman__51_NDVI_mean.tif"
"Midhega Tola Gunda Usman",2021,10,"Midhega_Tola_Gunda_Usman__57_NDVI_mean.tif"
"Midhega Tola Gunda Usman",2022,4,"Midhega_Tola_Gunda_Usman__63_NDVI_mean.tif"
"Midhega Tola Gunda Usman",2022,10,"Midhega_Tola_Gunda_Usman__69_NDVI_mean.tif"
"Midhega Tola Gunda Usman",2023,10,"Midhega_Tola_Gunda_Usman__81_NDVI_mean.tif"
"Midhega Tola Ija Dika",2017,10,"Midhega_Tola_Ija_Dika__9_NDVI_mean.tif"
"Midhega Tola Ija Dika",2018,4,"Midhega_Tola_Ija_Dika__15_NDVI_mean.tif"
"Midhega Tola Ija Dika",2018,10,"Midhega_Tola_Ija_Dika__21_NDVI_mean.tif"
"Midhega Tola Ija Dika",2019,4,"Midhega_Tola_Ija_Dika__27_NDVI_mean.tif"
"Midhega Tola Ija Dika",2019,10,"Midhega_Tola_Ija_Dika__33_NDVI_mean.tif"
"Midhega Tola Ija Dika",2020,4,"Midhega_Tola_Ija_Dika__39_NDVI_mean.tif"
"Midhega Tola Ija Dika",2020,10,"Midhega_Tola_Ija_Dika__45_NDVI_mean.tif"
"Midhega Tola Ija Dika",2021,4,"Midhega_Tola_Ija_Dika__51_NDVI_mean.tif"
"Midhega Tola Ija Dika",2021,10,"Midhega_Tola_Ija_Dika__57_NDVI_mean.tif"
"Midhega Tola Ija Dika",2022,4,"Midhega_Tola_Ija_Dika__63_NDVI_mean.tif"
"Midhega Tola Ija Dika",2022,10,"Midhega_Tola_Ija_Dika__69_NDVI_mean.tif"
"Midhega Tola Ija Dika",2023,10,"Midhega_Tola_Ija_Dika__81_NDVI_mean.tif"
"Midhega Tola Ije Gombe",2017,4,"Midhega_Tola_Ije_Gombe__3_NDVI_mean.tif"
"Midhega Tola Ije Gombe",2017,10,"Midhega_Tola_Ije_Gombe__9_NDVI_mean.tif"
"Midhega Tola Ije Gombe",2018,4,"Midhega_Tola_Ije_Gombe__15_NDVI_mean.tif"
"Midhega Tola Ije Gombe",2018,10,"Midhega_Tola_Ije_Gombe__21_NDVI_mean.tif"
"Midhega Tola Ije Gombe",2019,4,"Midhega_Tola_Ije_Gombe__27_NDVI_mean.tif"
"Midhega Tola Ije Gombe",2019,10,"Midhega_Tola_Ije_Gombe__33_NDVI_mean.tif"
"Midhega Tola Ije Gombe",2020,4,"Midhega_Tola_Ije_Gombe__39_NDVI_mean.tif"
"Midhega Tola Ije Gombe",2020,10,"Midhega_Tola_Ije_Gombe__45_NDVI_mean.tif"
"Midhega Tola Ije Gombe",2021,4,"Midhega_Tola_Ije_Gombe__51_NDVI_mean.tif"
"Midhega Tola Ije Gombe",2021,10,"Midhega_Tola_Ije_Gombe__57_NDVI_mean.tif"
"Midhega Tola Ije Gombe",2022,4,"Midhega_Tola_Ije_Gombe__63_NDVI_mean.tif"
"Midhega Tola Ije Gombe",2022,10,"Midhega_Tola_Ije_Gombe__69_NDVI_mean.tif"
"Midhega Tola Ije Gombe",2023,4,"Midhega_Tola_Ije_Gombe__75_NDVI_mean.tif"
"Midhega Tola Ije Gombe",2023,10,"Midhega_Tola_Ije_Gombe__81_NDVI_mean.tif"
"Midhega Tola Umer Bula",2017,10,"Midhega_Tola_Umer_Bula__9_NDVI_mean.tif"
"Midhega Tola Umer Bula",2018,4,"Midhega_Tola_Umer_Bula__15_NDVI_mean.tif"
"Midhega Tola Umer Bula",2018,10,"Midhega_Tola_Umer_Bula__21_NDVI_mean.tif"
"Midhega Tola Umer Bula",2019,4,"Midhega_Tola_Umer_Bula__27_NDVI_mean.tif"
"Midhega Tola Umer Bula",2019,10,"Midhega_Tola_Umer_Bula__33_NDVI_mean.tif"
"Midhega Tola Umer Bula",2020,4,"Midhega_Tola_Umer_Bula__39_NDVI_mean.tif"
"Midhega Tola Umer Bula",2020,10,"Midhega_Tola_Umer_Bula__45_NDVI_mean.tif"
"Midhega Tola Umer Bula",2021,4,"Midhega_Tola_Umer_Bula__51_NDVI_mean.tif"
"Midhega Tola Umer Bula",2021,10,"Midhega_Tola_Umer_Bula__57_NDVI_mean.tif"
"Midhega Tola Umer Bula",2022,4,"Midhega_Tola_Umer_Bula__63_NDVI_mean.tif"
"Midhega Tola Umer Bula",2022,10,"Midhega_Tola_Umer_Bula__69_NDVI_mean.tif"
"Midhega Tola Umer Bula",2023,10,"Midhega_Tola_Umer_Bula__81_NDVI_mean.tif"
"Babile Sadiq",2017,4,"Babile_Sadiq__3_NDVI_mean.tif"
"Babile Sadiq",2017,10,"Babile_Sadiq__9_NDVI_mean.tif"
"Babile Sadiq",2018,4,"Babile_Sadiq__15_NDVI_mean.tif"
"Babile Sadiq",2018,10,"Babile_Sadiq__21_NDVI_mean.tif"
"Babile Sadiq",2019,4,"Babile_Sadiq__27_NDVI_mean.tif"
"Babile Sadiq",2019,10,"Babile_Sadiq__33_NDVI_mean.tif"
"Babile Sadiq",2020,4,"Babile_Sadiq__39_NDVI_mean.tif"
"Babile Sadiq",2020,10,"Babile_Sadiq__45_NDVI_mean.tif"
"Babile Sadiq",2021,4,"Babile_Sadiq__51_NDVI_mean.tif"
"Babile Sadiq",2021,10,"Babile_Sadiq__57_NDVI_mean.tif"
"Babile Sadiq",2022,4,"Babile_Sadiq__63_NDVI_mean.tif"
"Babile Sadiq",2022,10,"Babile_Sadiq__69_NDVI_mean.tif"
"Babile Sadiq",2023,4,"Babile_Sadiq__75_NDVI_mean.tif"
"Babile Sadiq",2023,10,"Babile_Sadiq__81_NDVI_mean.tif"
"Babile Shekumar",2017,4,"Babile_Shekumar__3_NDVI_mean.tif"
"Babile Shekumar",2017,10,"Babile_Shekumar__9_NDVI_mean.tif"
"Babile Shekumar",2018,4,"Babile_Shekumar__15_NDVI_mean.tif"
"Babile Shekumar",2018,10,"Babile_Shekumar__21_NDVI_mean.tif"
"Babile Shekumar",2019,4,"Babile_Shekumar__27_NDVI_mean.tif"
"Babile Shekumar",2019,10,"Babile_Shekumar__33_NDVI_mean.tif"
"Babile Shekumar",2020,4,"Babile_Shekumar__39_NDVI_mean.tif"
"Babile Shekumar",2020,10,"Babile_Shekumar__45_NDVI_mean.tif"
"Babile Shekumar",2021,4,"Babile_Shekumar__51_NDVI_mean.tif"
"Babile Shekumar",2021,10,"Babile_Shekumar__57_NDVI_mean.tif"
"Babile Shekumar",2022,4,"Babile_Shekumar__63_NDVI_mean.tif"
"Babile Shekumar",2022,10,"Babile_Shekumar__69_NDVI_mean.tif"
"Babile Shekumar",2023,4,"Babile_Shekumar__75_NDVI_mean.tif"
"Babile Shekumar",2023,10,"Babile_Shekumar__81_NDVI_mean.tif"
"Deder Dimmaa",2017,4,"Deder_Dimmaa__3_NDVI_mean.tif"
"Deder Dimmaa",2017,10,"Deder_Dimmaa__9_NDVI_mean.tif"
"Deder Dimmaa",2018,4,"Deder_Dimmaa__15_NDVI_mean.tif"
"Deder Dimmaa",2018,10,"Deder_Dimmaa__21_NDVI_mean.tif"
"Deder Dimmaa",2019,4,"Deder_Dimmaa__27_NDVI_mean.tif"
"Deder Dimmaa",2019,10,"Deder_Dimmaa__33_NDVI_mean.tif"
"Deder Dimmaa",2020,4,"Deder_Dimmaa__39_NDVI_mean.tif"
"Deder Dimmaa",2020,10,"Deder_Dimmaa__45_NDVI_mean.tif"
"Deder Dimmaa",2021,4,"Deder_Dimmaa__51_NDVI_mean.tif"
"Deder Dimmaa",2021,10,"Deder_Dimmaa__57_NDVI_mean.tif"
"Deder Dimmaa",2022,4,"Deder_Dimmaa__63_NDVI_mean.tif"
"Deder Dimmaa",2022,10,"Deder_Dimmaa__69_NDVI_mean.tif"
"Deder Dimmaa",2023,4,"Deder_Dimmaa__75_NDVI_mean.tif"
"Deder Dimmaa",2023,10,"Deder_Dimmaa__81_NDVI_mean.tif"
"Fedis Bidi Bora",2017,4,"Fedis_Bidi_Bora__3_NDVI_mean.tif"
"Fedis Bidi Bora",2017,10,"Fedis_Bidi_Bora__9_NDVI_mean.tif"
"Fedis Bidi Bora",2018,4,"Fedis_Bidi_Bora__15_NDVI_mean.tif"
"Fedis Bidi Bora",2018,10,"Fedis_Bidi_Bora__21_NDVI_mean.tif"
"Fedis Bidi Bora",2019,4,"Fedis_Bidi_Bora__27_NDVI_mean.tif"
"Fedis Bidi Bora",2019,10,"Fedis_Bidi_Bora__33_NDVI_mean.tif"
"Fedis Bidi Bora",2020,4,"Fedis_Bidi_Bora__39_NDVI_mean.tif"
"Fedis Bidi Bora",2020,10,"Fedis_Bidi_Bora__45_NDVI_mean.tif"
"Fedis Bidi Bora",2021,4,"Fedis_Bidi_Bora__51_NDVI_mean.tif"
"Fedis Bidi Bora",2021,10,"Fedis_Bidi_Bora__57_NDVI_mean.tif"
"Fedis Bidi Bora",2022,4,"Fedis_Bidi_Bora__63_NDVI_mean.tif"
"Fedis Bidi Bora",2022,10,"Fedis_Bidi_Bora__69_NDVI_mean.tif"
"Fedis Bidi Bora",2023,4,"Fedis_Bidi_Bora__75_NDVI_mean.tif"
"Fedis Bidi Bora",2023,10,"Fedis_Bidi_Bora__81_NDVI_mean.tif"
"Gursum Egal",2017,4,"Gursum_Egal__3_NDVI_mean.tif"
"Gursum Egal",2017,10,"Gursum_Egal__9_NDVI_mean.tif"
"Gursum Egal",2018,4,"Gursum_Egal__15_NDVI_mean.tif"
"Gursum Egal",2018,10,"Gursum_Egal__21_NDVI_mean.tif"
"Gursum Egal",2019,4,"Gursum_Egal__27_NDVI_mean.tif"
"Gursum Egal",2019,10,"Gursum_Egal__33_NDVI_mean.tif"
"Gursum Egal",2020,4,"Gursum_Egal__39_NDVI_mean.tif"
"Gursum Egal",2020,10,"Gursum_Egal__45_NDVI_mean.tif"
"Gursum Egal",2021,4,"Gursum_Egal__51_NDVI_mean.tif"
"Gursum Egal",2021,10,"Gursum_Egal__57_NDVI_mean.tif"
"Gursum Egal",2022,4,"Gursum_Egal__63_NDVI_mean.tif"
"Gursum Egal",2022,10,"Gursum_Egal__69_NDVI_mean.tif"
"Gursum Egal",2023,4,"Gursum_Egal__75_NDVI_mean.tif"
"Gursum Egal",2023,10,"Gursum_Egal__81_NDVI_mean.tif"
"Melkabelo Bakaki",2017,4,"Melkabelo_Bakaki__3_NDVI_mean.tif"
"Melkabelo Bakaki",2017,10,"Melkabelo_Bakaki__9_NDVI_mean.tif"
"Melkabelo Bakaki",2018,4,"Melkabelo_Bakaki__15_NDVI_mean.tif"
"Melkabelo Bakaki",2018,10,"Melkabelo_Bakaki__21_NDVI_mean.tif"
"Melkabelo Bakaki",2019,4,"Melkabelo_Bakaki__27_NDVI_mean.tif"
"Melkabelo Bakaki",2019,10,"Melkabelo_Bakaki__33_NDVI_mean.tif"
"Melkabelo Bakaki",2020,4,"Melkabelo_Bakaki__39_NDVI_mean.tif"
"Melkabelo Bakaki",2020,10,"Melkabelo_Bakaki__45_NDVI_mean.tif"
"Melkabelo Bakaki",2021,4,"Melkabelo_Bakaki__51_NDVI_mean.tif"
"Melkabelo Bakaki",2021,10,"Melkabelo_Bakaki__57_NDVI_mean.tif"
"Melkabelo Bakaki",2022,4,"Melkabelo_Bakaki__63_NDVI_mean.tif"
"Melkabelo Bakaki",2022,10,"Melkabelo_Bakaki__69_NDVI_mean.tif"
"Melkabelo Bakaki",2023,4,"Melkabelo_Bakaki__75_NDVI_mean.tif"
"Melkabelo Bakaki",2023,10,"Melkabelo_Bakaki__81_NDVI_mean.tif"
"Melkabelo Gola Warabo",2017,10,"Melkabelo_Gola_Warabo__9_NDVI_mean.tif"
"Melkabelo Gola Warabo",2018,4,"Melkabelo_Gola_Warabo__15_NDVI_mean.tif"
"Melkabelo Gola Warabo",2018,10,"Melkabelo_Gola_Warabo__21_NDVI_mean.tif"
"Melkabelo Gola Warabo",2019,4,"Melkabelo_Gola_Warabo__27_NDVI_mean.tif"
"Melkabelo Gola Warabo",2019,10,"Melkabelo_Gola_Warabo__33_NDVI_mean.tif"
"Melkabelo Gola Warabo",2020,4,"Melkabelo_Gola_Warabo__39_NDVI_mean.tif"
"Melkabelo Gola Warabo",2020,10,"Melkabelo_Gola_Warabo__45_NDVI_mean.tif"
"Melkabelo Gola Warabo",2021,4,"Melkabelo_Gola_Warabo__51_NDVI_mean.tif"
"Melkabelo Gola Warabo",2021,10,"Melkabelo_Gola_Warabo__57_NDVI_mean.tif"
"Melkabelo Gola Warabo",2022,4,"Melkabelo_Gola_Warabo__63_NDVI_mean.tif"
"Melkabelo Gola Warabo",2022,10,"Melkabelo_Gola_Warabo__69_NDVI_mean.tif"
"Melkabelo Gola Warabo",2023,4,"Melkabelo_Gola_Warabo__75_NDVI_mean.tif"
"Melkabelo Gola Warabo",2023,10,"Melkabelo_Gola_Warabo__81_NDVI_mean.tif"
"Midhega Tola Ibro",2017,10,"Midhega_Tola_Ibro__9_NDVI_mean.tif"
"Midhega Tola Ibro",2018,4,"Midhega_Tola_Ibro__15_NDVI_mean.tif"
"Midhega Tola Ibro",2018,10,"Midhega_Tola_Ibro__21_NDVI_mean.tif"
"Midhega Tola Ibro",2019,4,"Midhega_Tola_Ibro__27_NDVI_mean.tif"
"Midhega Tola Ibro",2019,10,"Midhega_Tola_Ibro__33_NDVI_mean.tif"
"Midhega Tola Ibro",2020,4,"Midhega_Tola_Ibro__39_NDVI_mean.tif"
"Midhega Tola Ibro",2020,10,"Midhega_Tola_Ibro__45_NDVI_mean.tif"
"Midhega Tola Ibro",2021,4,"Midhega_Tola_Ibro__51_NDVI_mean.tif"
"Midhega Tola Ibro",2021,10,"Midhega_Tola_Ibro__57_NDVI_mean.tif"
"Midhega Tola Ibro",2022,4,"Midhega_Tola_Ibro__63_NDVI_mean.tif"
"Midhega Tola Ibro",2022,10,"Midhega_Tola_Ibro__69_NDVI_mean.tif"
"Midhega Tola Ibro",2023,10,"Midhega_Tola_Ibro__81_NDVI_mean.tif"
"Midhega Tola Quufa",2017,10,"Midhega_Tola_Quufa__9_NDVI_mean.tif"
"Midhega Tola Quufa",2018,4,"Midhega_Tola_Quufa__15_NDVI_mean.tif"
"Midhega Tola Quufa",2018,10,"Midhega_Tola_Quufa__21_NDVI_mean.tif"
"Midhega Tola Quufa",2019,4,"Midhega_Tola_Quufa__27_NDVI_mean.tif"
"Midhega Tola Quufa",2019,10,"Midhega_Tola_Quufa__33_NDVI_mean.tif"
"Midhega Tola Quufa",2020,4,"Midhega_Tola_Quufa__39_NDVI_mean.tif"
"Midhega Tola Quufa",2020,10,"Midhega_Tola_Quufa__45_NDVI_mean.tif"
"Midhega Tola Quufa",2021,4,"Midhega_Tola_Quufa__51_NDVI_mean.tif"
"Midhega Tola Quufa",2021,10,"Midhega_Tola_Quufa__57_NDVI_mean.tif"
"Midhega Tola Quufa",2022,4,"Midhega_Tola_Quufa__63_NDVI_mean.tif"
"Midhega Tola Quufa",2022,10,"Midhega_Tola_Quufa__69_NDVI_mean.tif"
"Midhega Tola Quufa",2023,10,"Midhega_Tola_Quufa__81_NDVI_mean.tif"
"Midhega Tola Tarkanfata",2017,4,"Midhega_Tola_Tarkanfata__3_NDVI_mean.tif"
"Midhega Tola Tarkanfata",2017,10,"Midhega_Tola_Tarkanfata__9_NDVI_mean.tif"
"Midhega Tola Tarkanfata",2018,4,"Midhega_Tola_Tarkanfata__15_NDVI_mean.tif"
"Midhega Tola Tarkanfata",2018,10,"Midhega_Tola_Tarkanfata__21_NDVI_mean.tif"
"Midhega Tola Tarkanfata",2019,4,"Midhega_Tola_Tarkanfata__27_NDVI_mean.tif"
"Midhega Tola Tarkanfata",2019,10,"Midhega_Tola_Tarkanfata__33_NDVI_mean.tif"
"Midhega Tola Tarkanfata",2020,4,"Midhega_Tola_Tarkanfata__39_NDVI_mean.tif"
"Midhega Tola Tarkanfata",2020,10,"Midhega_Tola_Tarkanfata__45_NDVI_mean.tif"
"Midhega Tola Tarkanfata",2021,4,"Midhega_Tola_Tarkanfata__51_NDVI_mean.tif"
"Midhega Tola Tarkanfata",2021,10,"Midhega_Tola_Tarkanfata__57_NDVI_mean.tif"
"Midhega Tola Tarkanfata",2022,4,"Midhega_Tola_Tarkanfata__63_NDVI_mean.tif"
"Midhega Tola Tarkanfata",2022,10,"Midhega_Tola_Tarkanfata__69_NDVI_mean.tif"
"Midhega Tola Tarkanfata",2023,4,"Midhega_Tola_Tarkanfata__75_NDVI_mean.tif"
"Midhega Tola Tarkanfata",2023,10,"Midhega_Tola_Tarkanfata__81_NDVI_mean.tif"
"Midhega Tola Urji",2017,10,"Midhega_Tola_Urji__9_NDVI_mean.tif"
"Midhega Tola Urji",2018,4,"Midhega_Tola_Urji__15_NDVI_mean.tif"
"Midhega Tola Urji",2018,10,"Midhega_Tola_Urji__21_NDVI_mean.tif"
"Midhega Tola Urji",2019,4,"Midhega_Tola_Urji__27_NDVI_mean.tif"
"Midhega Tola Urji",2019,10,"Midhega_Tola_Urji__33_NDVI_mean.tif"
"Midhega Tola Urji",2020,4,"Midhega_Tola_Urji__39_NDVI_mean.tif"
"Midhega Tola Urji",2020,10,"Midhega_Tola_Urji__45_NDVI_mean.tif"
"Midhega Tola Urji",2021,4,"Midhega_Tola_Urji__51_NDVI_mean.tif"
"Midhega Tola Urji",2021,10,"Midhega_Tola_Urji__57_NDVI_mean.tif"
"Midhega Tola Urji",2022,4,"Midhega_Tola_Urji__63_NDVI_mean.tif"
"Midhega Tola Urji",2022,10,"Midhega_Tola_Urji__69_NDVI_mean.tif"
"Midhega Tola Urji",2023,10,"Midhega_Tola_Urji__81_NDVI_mean.tif"
"Chinakson Ali Elemo",2017,6,"Chinakson_Ali_Elemo__5_NDVI_mean.tif"
"Chinakson Ali Elemo",2017,11,"Chinakson_Ali_Elemo__10_NDVI_mean.tif"
"Chinakson Ali Elemo",2018,6,"Chinakson_Ali_Elemo__17_NDVI_mean.tif"
"Chinakson Ali Elemo",2018,11,"Chinakson_Ali_Elemo__22_NDVI_mean.tif"
"Chinakson Ali Elemo",2019,6,"Chinakson_Ali_Elemo__29_NDVI_mean.tif"
"Chinakson Ali Elemo",2019,11,"Chinakson_Ali_Elemo__34_NDVI_mean.tif"
"Chinakson Ali Elemo",2020,6,"Chinakson_Ali_Elemo__41_NDVI_mean.tif"
"Chinakson Ali Elemo",2020,11,"Chinakson_Ali_Elemo__46_NDVI_mean.tif"
"Chinakson Ali Elemo",2021,6,"Chinakson_Ali_Elemo__53_NDVI_mean.tif"
"Chinakson Ali Elemo",2021,11,"Chinakson_Ali_Elemo__58_NDVI_mean.tif"
"Chinakson Ali Elemo",2022,6,"Chinakson_Ali_Elemo__65_NDVI_mean.tif"
"Chinakson Ali Elemo",2022,11,"Chinakson_Ali_Elemo__70_NDVI_mean.tif"
"Chinakson Ali Elemo",2023,6,"Chinakson_Ali_Elemo__77_NDVI_mean.tif"
"Chinakson Ali Elemo",2023,11,"Chinakson_Ali_Elemo__82_NDVI_mean.tif"
"Chinakson Guraf",2017,6,"Chinakson_Guraf__5_NDVI_mean.tif"
"Chinakson Guraf",2017,11,"Chinakson_Guraf__10_NDVI_mean.tif"
"Chinakson Guraf",2018,6,"Chinakson_Guraf__17_NDVI_mean.tif"
"Chinakson Guraf",2018,11,"Chinakson_Guraf__22_NDVI_mean.tif"
"Chinakson Guraf",2019,6,"Chinakson_Guraf__29_NDVI_mean.tif"
"Chinakson Guraf",2019,11,"Chinakson_Guraf__34_NDVI_mean.tif"
"Chinakson Guraf",2020,6,"Chinakson_Guraf__41_NDVI_mean.tif"
"Chinakson Guraf",2020,11,"Chinakson_Guraf__46_NDVI_mean.tif"
"Chinakson Guraf",2021,6,"Chinakson_Guraf__53_NDVI_mean.tif"
"Chinakson Guraf",2021,11,"Chinakson_Guraf__58_NDVI_mean.tif"
"Chinakson Guraf",2022,6,"Chinakson_Guraf__65_NDVI_mean.tif"
"Chinakson Guraf",2022,11,"Chinakson_Guraf__70_NDVI_mean.tif"
"Chinakson Guraf",2023,6,"Chinakson_Guraf__77_NDVI_mean.tif"
"Chinakson Guraf",2023,11,"Chinakson_Guraf__82_NDVI_mean.tif"
"Chinakson Kurfa Chale",2017,6,"Chinakson_Kurfa_Chale__5_NDVI_mean.tif"
"Chinakson Kurfa Chale",2017,11,"Chinakson_Kurfa_Chale__10_NDVI_mean.tif"
"Chinakson Kurfa Chale",2018,6,"Chinakson_Kurfa_Chale__17_NDVI_mean.tif"
"Chinakson Kurfa Chale",2018,11,"Chinakson_Kurfa_Chale__22_NDVI_mean.tif"
"Chinakson Kurfa Chale",2019,6,"Chinakson_Kurfa_Chale__29_NDVI_mean.tif"
"Chinakson Kurfa Chale",2019,11,"Chinakson_Kurfa_Chale__34_NDVI_mean.tif"
"Chinakson Kurfa Chale",2020,6,"Chinakson_Kurfa_Chale__41_NDVI_mean.tif"
"Chinakson Kurfa Chale",2020,11,"Chinakson_Kurfa_Chale__46_NDVI_mean.tif"
"Chinakson Kurfa Chale",2021,6,"Chinakson_Kurfa_Chale__53_NDVI_mean.tif"
"Chinakson Kurfa Chale",2021,11,"Chinakson_Kurfa_Chale__58_NDVI_mean.tif"
"Chinakson Kurfa Chale",2022,6,"Chinakson_Kurfa_Chale__65_NDVI_mean.tif"
"Chinakson Kurfa Chale",2022,11,"Chinakson_Kurfa_Chale__70_NDVI_mean.tif"
"Chinakson Kurfa Chale",2023,6,"Chinakson_Kurfa_Chale__77_NDVI_mean.tif"
"Chinakson Kurfa Chale",2023,11,"Chinakson_Kurfa_Chale__82_NDVI_mean.tif"
"Chinakson Urjii",2017,6,"Chinakson_Urjii__5_NDVI_mean.tif"
"Chinakson Urjii",2017,11,"Chinakson_Urjii__10_NDVI_mean.tif"
"Chinakson Urjii",2018,6,"Chinakson_Urjii__17_NDVI_mean.tif"
"Chinakson Urjii",2018,11,"Chinakson_Urjii__22_NDVI_mean.tif"
"Chinakson Urjii",2019,6,"Chinakson_Urjii__29_NDVI_mean.tif"
"Chinakson Urjii",2019,11,"Chinakson_Urjii__34_NDVI_mean.tif"
"Chinakson Urjii",2020,6,"Chinakson_Urjii__41_NDVI_mean.tif"
"Chinakson Urjii",2020,11,"Chinakson_Urjii__46_NDVI_mean.tif"
"Chinakson Urjii",2021,6,"Chinakson_Urjii__53_NDVI_mean.tif"
"Chinakson Urjii",2021,11,"Chinakson_Urjii__58_NDVI_mean.tif"
"Chinakson Urjii",2022,6,"Chinakson_Urjii__65_NDVI_mean.tif"
"Chinakson Urjii",2022,11,"Chinakson_Urjii__70_NDVI_mean.tif"
"Chinakson Urjii",2023,6,"Chinakson_Urjii__77_NDVI_mean.tif"
"Chinakson Urjii",2023,11,"Chinakson_Urjii__82_NDVI_mean.tif"
"Deder Goro",2017,6,"Deder_Goro__5_NDVI_mean.tif"
"Deder Goro",2017,11,"Deder_Goro__10_NDVI_mean.tif"
"Deder Goro",2018,6,"Deder_Goro__17_NDVI_mean.tif"
"Deder Goro",2018,11,"Deder_Goro__22_NDVI_mean.tif"
"Deder Goro",2019,6,"Deder_Goro__29_NDVI_mean.tif"
"Deder Goro",2019,11,"Deder_Goro__34_NDVI_mean.tif"
"Deder Goro",2020,6,"Deder_Goro__41_NDVI_mean.tif"
"Deder Goro",2020,11,"Deder_Goro__46_NDVI_mean.tif"
"Deder Goro",2021,6,"Deder_Goro__53_NDVI_mean.tif"
"Deder Goro",2021,11,"Deder_Goro__58_NDVI_mean.tif"
"Deder Goro",2022,6,"Deder_Goro__65_NDVI_mean.tif"
"Deder Goro",2022,11,"Deder_Goro__70_NDVI_mean.tif"
"Deder Goro",2023,6,"Deder_Goro__77_NDVI_mean.tif"
"Deder Goro",2023,11,"Deder_Goro__82_NDVI_mean.tif"
"Deder Wacaale",2017,6,"Deder_Wacaale__5_NDVI_mean.tif"
"Deder Wacaale",2017,11,"Deder_Wacaale__10_NDVI_mean.tif"
"Deder Wacaale",2018,6,"Deder_Wacaale__17_NDVI_mean.tif"
"Deder Wacaale",2018,11,"Deder_Wacaale__22_NDVI_mean.tif"
"Deder Wacaale",2019,6,"Deder_Wacaale__29_NDVI_mean.tif"
"Deder Wacaale",2019,11,"Deder_Wacaale__34_NDVI_mean.tif"
"Deder Wacaale",2020,6,"Deder_Wacaale__41_NDVI_mean.tif"
"Deder Wacaale",2020,11,"Deder_Wacaale__46_NDVI_mean.tif"
"Deder Wacaale",2021,6,"Deder_Wacaale__53_NDVI_mean.tif"
"Deder Wacaale",2021,11,"Deder_Wacaale__58_NDVI_mean.tif"
"Deder Wacaale",2022,6,"Deder_Wacaale__65_NDVI_mean.tif"
"Deder Wacaale",2022,11,"Deder_Wacaale__70_NDVI_mean.tif"
"Deder Wacaale",2023,6,"Deder_Wacaale__77_NDVI_mean.tif"
"Deder Wacaale",2023,11,"Deder_Wacaale__82_NDVI_mean.tif"
"Deder Zarafu",2017,6,"Deder_Zarafu__5_NDVI_mean.tif"
"Deder Zarafu",2017,11,"Deder_Zarafu__10_NDVI_mean.tif"
"Deder Zarafu",2018,6,"Deder_Zarafu__17_NDVI_mean.tif"
"Deder Zarafu",2018,11,"Deder_Zarafu__22_NDVI_mean.tif"
"Deder Zarafu",2019,6,"Deder_Zarafu__29_NDVI_mean.tif"
"Deder Zarafu",2019,11,"Deder_Zarafu__34_NDVI_mean.tif"
"Deder Zarafu",2020,6,"Deder_Zarafu__41_NDVI_mean.tif"
"Deder Zarafu",2020,11,"Deder_Zarafu__46_NDVI_mean.tif"
"Deder Zarafu",2021,6,"Deder_Zarafu__53_NDVI_mean.tif"
"Deder Zarafu",2021,11,"Deder_Zarafu__58_NDVI_mean.tif"
"Deder Zarafu",2022,6,"Deder_Zarafu__65_NDVI_mean.tif"
"Deder Zarafu",2022,11,"Deder_Zarafu__70_NDVI_mean.tif"
"Deder Zarafu",2023,6,"Deder_Zarafu__77_NDVI_mean.tif"
"Deder Zarafu",2023,11,"Deder_Zarafu__82_NDVI_mean.tif"
"Gursum Goyla",2017,6,"Gursum_Goyla__5_NDVI_mean.tif"
"Gursum Goyla",2017,11,"Gursum_Goyla__10_NDVI_mean.tif"
"Gursum Goyla",2018,6,"Gursum_Goyla__17_NDVI_mean.tif"
"Gursum Goyla",2018,11,"Gursum_Goyla__22_NDVI_mean.tif"
"Gursum Goyla",2019,6,"Gursum_Goyla__29_NDVI_mean.tif"
"Gursum Goyla",2019,11,"Gursum_Goyla__34_NDVI_mean.tif"
"Gursum Goyla",2020,6,"Gursum_Goyla__41_NDVI_mean.tif"
"Gursum Goyla",2020,11,"Gursum_Goyla__46_NDVI_mean.tif"
"Gursum Goyla",2021,6,"Gursum_Goyla__53_NDVI_mean.tif"
"Gursum Goyla",2021,11,"Gursum_Goyla__58_NDVI_mean.tif"
"Gursum Goyla",2022,6,"Gursum_Goyla__65_NDVI_mean.tif"
"Gursum Goyla",2022,11,"Gursum_Goyla__70_NDVI_mean.tif"
"Gursum Goyla",2023,6,"Gursum_Goyla__77_NDVI_mean.tif"
"Gursum Goyla",2023,11,"Gursum_Goyla__82_NDVI_mean.tif"
"Gursum Wara Ahmed",2017,6,"Gursum_Wara_Ahmed__5_NDVI_mean.tif"
"Gursum Wara Ahmed",2017,11,"Gursum_Wara_Ahmed__10_NDVI_mean.tif"
"Gursum Wara Ahmed",2018,6,"Gursum_Wara_Ahmed__17_NDVI_mean.tif"
"Gursum Wara Ahmed",2018,11,"Gursum_Wara_Ahmed__22_NDVI_mean.tif"
"Gursum Wara Ahmed",2019,6,"Gursum_Wara_Ahmed__29_NDVI_mean.tif"
"Gursum Wara Ahmed",2019,11,"Gursum_Wara_Ahmed__34_NDVI_mean.tif"
"Gursum Wara Ahmed",2020,6,"Gursum_Wara_Ahmed__41_NDVI_mean.tif"
"Gursum Wara Ahmed",2020,11,"Gursum_Wara_Ahmed__46_NDVI_mean.tif"
"Gursum Wara Ahmed",2021,6,"Gursum_Wara_Ahmed__53_NDVI_mean.tif"
"Gursum Wara Ahmed",2021,11,"Gursum_Wara_Ahmed__58_NDVI_mean.tif"
"Gursum Wara Ahmed",2022,6,"Gursum_Wara_Ahmed__65_NDVI_mean.tif"
"Gursum Wara Ahmed",2022,11,"Gursum_Wara_Ahmed__70_NDVI_mean.tif"
"Gursum Wara Ahmed",2023,6,"Gursum_Wara_Ahmed__77_NDVI_mean.tif"
"Gursum Wara Ahmed",2023,11,"Gursum_Wara_Ahmed__82_NDVI_mean.tif"
"Gursum Warabeley",2017,6,"Gursum_Warabeley__5_NDVI_mean.tif"
"Gursum Warabeley",2017,11,"Gursum_Warabeley__10_NDVI_mean.tif"
"Gursum Warabeley",2018,6,"Gursum_Warabeley__17_NDVI_mean.tif"
"Gursum Warabeley",2018,11,"Gursum_Warabeley__22_NDVI_mean.tif"
"Gursum Warabeley",2019,6,"Gursum_Warabeley__29_NDVI_mean.tif"
"Gursum Warabeley",2019,11,"Gursum_Warabeley__34_NDVI_mean.tif"
"Gursum Warabeley",2020,6,"Gursum_Warabeley__41_NDVI_mean.tif"
"Gursum Warabeley",2020,11,"Gursum_Warabeley__46_NDVI_mean.tif"
"Gursum Warabeley",2021,6,"Gursum_Warabeley__53_NDVI_mean.tif"
"Gursum Warabeley",2021,11,"Gursum_Warabeley__58_NDVI_mean.tif"
"Gursum Warabeley",2022,6,"Gursum_Warabeley__65_NDVI_mean.tif"
"Gursum Warabeley",2022,11,"Gursum_Warabeley__70_NDVI_mean.tif"
"Gursum Warabeley",2023,6,"Gursum_Warabeley__77_NDVI_mean.tif"
"Gursum Warabeley",2023,11,"Gursum_Warabeley__82_NDVI_mean.tif"
"Jarso Ago",2017,6,"Jarso_Ago__5_NDVI_mean.tif"
"Jarso Ago",2017,11,"Jarso_Ago__10_NDVI_mean.tif"
"Jarso Ago",2018,6,"Jarso_Ago__17_NDVI_mean.tif"
"Jarso Ago",2018,11,"Jarso_Ago__22_NDVI_mean.tif"
"Jarso Ago",2019,6,"Jarso_Ago__29_NDVI_mean.tif"
"Jarso Ago",2019,11,"Jarso_Ago__34_NDVI_mean.tif"
"Jarso Ago",2020,6,"Jarso_Ago__41_NDVI_mean.tif"
"Jarso Ago",2020,11,"Jarso_Ago__46_NDVI_mean.tif"
"Jarso Ago",2021,6,"Jarso_Ago__53_NDVI_mean.tif"
"Jarso Ago",2021,11,"Jarso_Ago__58_NDVI_mean.tif"
"Jarso Ago",2022,6,"Jarso_Ago__65_NDVI_mean.tif"
"Jarso Ago",2022,11,"Jarso_Ago__70_NDVI_mean.tif"
"Jarso Ago",2023,6,"Jarso_Ago__77_NDVI_mean.tif"
"Jarso Ago",2023,11,"Jarso_Ago__82_NDVI_mean.tif"
"Melkabelo Agdora",2017,6,"Melkabelo_Agdora__5_NDVI_mean.tif"
"Melkabelo Agdora",2017,11,"Melkabelo_Agdora__10_NDVI_mean.tif"
"Melkabelo Agdora",2018,6,"Melkabelo_Agdora__17_NDVI_mean.tif"
"Melkabelo Agdora",2018,11,"Melkabelo_Agdora__22_NDVI_mean.tif"
"Melkabelo Agdora",2019,6,"Melkabelo_Agdora__29_NDVI_mean.tif"
"Melkabelo Agdora",2019,11,"Melkabelo_Agdora__34_NDVI_mean.tif"
"Melkabelo Agdora",2020,6,"Melkabelo_Agdora__41_NDVI_mean.tif"
"Melkabelo Agdora",2020,11,"Melkabelo_Agdora__46_NDVI_mean.tif"
"Melkabelo Agdora",2021,6,"Melkabelo_Agdora__53_NDVI_mean.tif"
"Melkabelo Agdora",2021,11,"Melkabelo_Agdora__58_NDVI_mean.tif"
"Melkabelo Agdora",2022,6,"Melkabelo_Agdora__65_NDVI_mean.tif"
"Melkabelo Agdora",2022,11,"Melkabelo_Agdora__70_NDVI_mean.tif"
"Melkabelo Agdora",2023,6,"Melkabelo_Agdora__77_NDVI_mean.tif"
"Melkabelo Agdora",2023,11,"Melkabelo_Agdora__82_NDVI_mean.tif"
"Melkabelo Gorba",2017,6,"Melkabelo_Gorba__5_NDVI_mean.tif"
"Melkabelo Gorba",2017,11,"Melkabelo_Gorba__10_NDVI_mean.tif"
"Melkabelo Gorba",2018,6,"Melkabelo_Gorba__17_NDVI_mean.tif"
"Melkabelo Gorba",2018,11,"Melkabelo_Gorba__22_NDVI_mean.tif"
"Melkabelo Gorba",2019,6,"Melkabelo_Gorba__29_NDVI_mean.tif"
"Melkabelo Gorba",2019,11,"Melkabelo_Gorba__34_NDVI_mean.tif"
"Melkabelo Gorba",2020,6,"Melkabelo_Gorba__41_NDVI_mean.tif"
"Melkabelo Gorba",2020,11,"Melkabelo_Gorba__46_NDVI_mean.tif"
"Melkabelo Gorba",2021,6,"Melkabelo_Gorba__53_NDVI_mean.tif"
"Melkabelo Gorba",2021,11,"Melkabelo_Gorba__58_NDVI_mean.tif"
"Melkabelo Gorba",2022,6,"Melkabelo_Gorba__65_NDVI_mean.tif"
"Melkabelo Gorba",2022,11,"Melkabelo_Gorba__70_NDVI_mean.tif"
"Melkabelo Gorba",2023,6,"Melkabelo_Gorba__77_NDVI_mean.tif"
"Melkabelo Gorba",2023,11,"Melkabelo_Gorba__82_NDVI_mean.tif"
"Meta Bilalu",2017,6,"Meta_Bilalu__5_NDVI_mean.tif"
"Meta Bilalu",2017,11,"Meta_Bilalu__10_NDVI_mean.tif"
"Meta Bilalu",2018,6,"Meta_Bilalu__17_NDVI_mean.tif"
"Meta Bilalu",2018,11,"Meta_Bilalu__22_NDVI_mean.tif"
"Meta Bilalu",2019,6,"Meta_Bilalu__29_NDVI_mean.tif"
"Meta Bilalu",2019,11,"Meta_Bilalu__34_NDVI_mean.tif"
"Meta Bilalu",2020,6,"Meta_Bilalu__41_NDVI_mean.tif"
"Meta Bilalu",2020,11,"Meta_Bilalu__46_NDVI_mean.tif"
"Meta Bilalu",2021,6,"Meta_Bilalu__53_NDVI_mean.tif"
"Meta Bilalu",2021,11,"Meta_Bilalu__58_NDVI_mean.tif"
"Meta Bilalu",2022,6,"Meta_Bilalu__65_NDVI_mean.tif"
"Meta Bilalu",2022,11,"Meta_Bilalu__70_NDVI_mean.tif"
"Meta Bilalu",2023,6,"Meta_Bilalu__77_NDVI_mean.tif"
"Meta Bilalu",2023,11,"Meta_Bilalu__82_NDVI_mean.tif"
"Meta Harqaya",2017,6,"Meta_Harqaya__5_NDVI_mean.tif"
"Meta Harqaya",2017,11,"Meta_Harqaya__10_NDVI_mean.tif"
"Meta Harqaya",2018,6,"Meta_Harqaya__17_NDVI_mean.tif"
"Meta Harqaya",2018,11,"Meta_Harqaya__22_NDVI_mean.tif"
"Meta Harqaya",2019,6,"Meta_Harqaya__29_NDVI_mean.tif"
"Meta Harqaya",2019,11,"Meta_Harqaya__34_NDVI_mean.tif"
"Meta Harqaya",2020,6,"Meta_Harqaya__41_NDVI_mean.tif"
"Meta Harqaya",2020,11,"Meta_Harqaya__46_NDVI_mean.tif"
"Meta Harqaya",2021,6,"Meta_Harqaya__53_NDVI_mean.tif"
"Meta Harqaya",2021,11,"Meta_Harqaya__58_NDVI_mean.tif"
"Meta Harqaya",2022,6,"Meta_Harqaya__65_NDVI_mean.tif"
"Meta Harqaya",2022,11,"Meta_Harqaya__70_NDVI_mean.tif"
"Meta Harqaya",2023,6,"Meta_Harqaya__77_NDVI_mean.tif"
"Meta Harqaya",2023,11,"Meta_Harqaya__82_NDVI_mean.tif"
"Meta Urfo",2017,6,"Meta_Urfo__5_NDVI_mean.tif"
"Meta Urfo",2017,11,"Meta_Urfo__10_NDVI_mean.tif"
"Meta Urfo",2018,6,"Meta_Urfo__17_NDVI_mean.tif"
"Meta Urfo",2018,11,"Meta_Urfo__22_NDVI_mean.tif"
"Meta Urfo",2019,6,"Meta_Urfo__29_NDVI_mean.tif"
"Meta Urfo",2019,11,"Meta_Urfo__34_NDVI_mean.tif"
"Meta Urfo",2020,6,"Meta_Urfo__41_NDVI_mean.tif"
"Meta Urfo",2020,11,"Meta_Urfo__46_NDVI_mean.tif"
"Meta Urfo",2021,6,"Meta_Urfo__53_NDVI_mean.tif"
"Meta Urfo",2021,11,"Meta_Urfo__58_NDVI_mean.tif"
"Meta Urfo",2022,6,"Meta_Urfo__65_NDVI_mean.tif"
"Meta Urfo",2022,11,"Meta_Urfo__70_NDVI_mean.tif"
"Meta Urfo",2023,6,"Meta_Urfo__77_NDVI_mean.tif"
"Meta Urfo",2023,11,"Meta_Urfo__82_NDVI_mean.tif"
"Babile Ija Butuu",2017,6,"Babile_Ija_Butuu__5_NDVI_mean.tif"
"Babile Ija Butuu",2017,11,"Babile_Ija_Butuu__10_NDVI_mean.tif"
"Babile Ija Butuu",2018,6,"Babile_Ija_Butuu__17_NDVI_mean.tif"
"Babile Ija Butuu",2018,11,"Babile_Ija_Butuu__22_NDVI_mean.tif"
"Babile Ija Butuu",2019,6,"Babile_Ija_Butuu__29_NDVI_mean.tif"
"Babile Ija Butuu",2019,11,"Babile_Ija_Butuu__34_NDVI_mean.tif"
"Babile Ija Butuu",2020,6,"Babile_Ija_Butuu__41_NDVI_mean.tif"
"Babile Ija Butuu",2020,11,"Babile_Ija_Butuu__46_NDVI_mean.tif"
"Babile Ija Butuu",2021,6,"Babile_Ija_Butuu__53_NDVI_mean.tif"
"Babile Ija Butuu",2021,11,"Babile_Ija_Butuu__58_NDVI_mean.tif"
"Babile Ija Butuu",2022,6,"Babile_Ija_Butuu__65_NDVI_mean.tif"
"Babile Ija Butuu",2022,11,"Babile_Ija_Butuu__70_NDVI_mean.tif"
"Babile Ija Butuu",2023,6,"Babile_Ija_Butuu__77_NDVI_mean.tif"
"Babile Ija Butuu",2023,11,"Babile_Ija_Butuu__82_NDVI_mean.tif"
"Chinakson Tula Wadaje",2017,6,"Chinakson_Tula_Wadaje__5_NDVI_mean.tif"
"Chinakson Tula Wadaje",2017,11,"Chinakson_Tula_Wadaje__10_NDVI_mean.tif"
"Chinakson Tula Wadaje",2018,6,"Chinakson_Tula_Wadaje__17_NDVI_mean.tif"
"Chinakson Tula Wadaje",2018,11,"Chinakson_Tula_Wadaje__22_NDVI_mean.tif"
"Chinakson Tula Wadaje",2019,6,"Chinakson_Tula_Wadaje__29_NDVI_mean.tif"
"Chinakson Tula Wadaje",2019,11,"Chinakson_Tula_Wadaje__34_NDVI_mean.tif"
"Chinakson Tula Wadaje",2020,6,"Chinakson_Tula_Wadaje__41_NDVI_mean.tif"
"Chinakson Tula Wadaje",2020,11,"Chinakson_Tula_Wadaje__46_NDVI_mean.tif"
"Chinakson Tula Wadaje",2021,6,"Chinakson_Tula_Wadaje__53_NDVI_mean.tif"
"Chinakson Tula Wadaje",2021,11,"Chinakson_Tula_Wadaje__58_NDVI_mean.tif"
"Chinakson Tula Wadaje",2022,6,"Chinakson_Tula_Wadaje__65_NDVI_mean.tif"
"Chinakson Tula Wadaje",2022,11,"Chinakson_Tula_Wadaje__70_NDVI_mean.tif"
"Chinakson Tula Wadaje",2023,6,"Chinakson_Tula_Wadaje__77_NDVI_mean.tif"
"Chinakson Tula Wadaje",2023,11,"Chinakson_Tula_Wadaje__82_NDVI_mean.tif"
"Gursum Biyo Nagaya",2017,6,"Gursum_Biyo_Nagaya__5_NDVI_mean.tif"
"Gursum Biyo Nagaya",2017,11,"Gursum_Biyo_Nagaya__10_NDVI_mean.tif"
"Gursum Biyo Nagaya",2018,6,"Gursum_Biyo_Nagaya__17_NDVI_mean.tif"
"Gursum Biyo Nagaya",2018,11,"Gursum_Biyo_Nagaya__22_NDVI_mean.tif"
"Gursum Biyo Nagaya",2019,6,"Gursum_Biyo_Nagaya__29_NDVI_mean.tif"
"Gursum Biyo Nagaya",2019,11,"Gursum_Biyo_Nagaya__34_NDVI_mean.tif"
"Gursum Biyo Nagaya",2020,6,"Gursum_Biyo_Nagaya__41_NDVI_mean.tif"
"Gursum Biyo Nagaya",2020,11,"Gursum_Biyo_Nagaya__46_NDVI_mean.tif"
"Gursum Biyo Nagaya",2021,6,"Gursum_Biyo_Nagaya__53_NDVI_mean.tif"
"Gursum Biyo Nagaya",2021,11,"Gursum_Biyo_Nagaya__58_NDVI_mean.tif"
"Gursum Biyo Nagaya",2022,6,"Gursum_Biyo_Nagaya__65_NDVI_mean.tif"
"Gursum Biyo Nagaya",2022,11,"Gursum_Biyo_Nagaya__70_NDVI_mean.tif"
"Gursum Biyo Nagaya",2023,6,"Gursum_Biyo_Nagaya__77_NDVI_mean.tif"
"Gursum Biyo Nagaya",2023,11,"Gursum_Biyo_Nagaya__82_NDVI_mean.tif"
"Gursum Wara Ali",2017,6,"Gursum_Wara_Ali__5_NDVI_mean.tif"
"Gursum Wara Ali",2017,12,"Gursum_Wara_Ali__11_NDVI_mean.tif"
"Gursum Wara Ali",2018,6,"Gursum_Wara_Ali__17_NDVI_mean.tif"
"Gursum Wara Ali",2018,12,"Gursum_Wara_Ali__23_NDVI_mean.tif"
"Gursum Wara Ali",2019,6,"Gursum_Wara_Ali__29_NDVI_mean.tif"
"Gursum Wara Ali",2019,12,"Gursum_Wara_Ali__35_NDVI_mean.tif"
"Gursum Wara Ali",2020,6,"Gursum_Wara_Ali__41_NDVI_mean.tif"
"Gursum Wara Ali",2020,12,"Gursum_Wara_Ali__47_NDVI_mean.tif"
"Gursum Wara Ali",2021,6,"Gursum_Wara_Ali__53_NDVI_mean.tif"
"Gursum Wara Ali",2021,12,"Gursum_Wara_Ali__59_NDVI_mean.tif"
"Gursum Wara Ali",2022,6,"Gursum_Wara_Ali__65_NDVI_mean.tif"
"Gursum Wara Ali",2022,12,"Gursum_Wara_Ali__71_NDVI_mean.tif"
"Gursum Wara Ali",2023,6,"Gursum_Wara_Ali__77_NDVI_mean.tif"
"Gursum Wara Ali",2023,12,"Gursum_Wara_Ali__83_NDVI_mean.tif"
"Deder Haylu",2017,6,"Deder_Haylu__5_NDVI_mean.tif"
"Deder Haylu",2017,12,"Deder_Haylu__11_NDVI_mean.tif"
"Deder Haylu",2018,6,"Deder_Haylu__17_NDVI_mean.tif"
"Deder Haylu",2018,12,"Deder_Haylu__23_NDVI_mean.tif"
"Deder Haylu",2019,6,"Deder_Haylu__29_NDVI_mean.tif"
"Deder Haylu",2019,12,"Deder_Haylu__35_NDVI_mean.tif"
"Deder Haylu",2020,6,"Deder_Haylu__41_NDVI_mean.tif"
"Deder Haylu",2020,12,"Deder_Haylu__47_NDVI_mean.tif"
"Deder Haylu",2021,6,"Deder_Haylu__53_NDVI_mean.tif"
"Deder Haylu",2021,12,"Deder_Haylu__59_NDVI_mean.tif"
"Deder Haylu",2022,6,"Deder_Haylu__65_NDVI_mean.tif"
"Deder Haylu",2022,12,"Deder_Haylu__71_NDVI_mean.tif"
"Deder Haylu",2023,6,"Deder_Haylu__77_NDVI_mean.tif"
"Deder Haylu",2023,12,"Deder_Haylu__83_NDVI_mean.tif"
"Jarso Wara Chala",2017,6,"Jarso_Wara_Chala__5_NDVI_mean.tif"
"Jarso Wara Chala",2017,12,"Jarso_Wara_Chala__11_NDVI_mean.tif"
"Jarso Wara Chala",2018,6,"Jarso_Wara_Chala__17_NDVI_mean.tif"
"Jarso Wara Chala",2018,12,"Jarso_Wara_Chala__23_NDVI_mean.tif"
"Jarso Wara Chala",2019,6,"Jarso_Wara_Chala__29_NDVI_mean.tif"
"Jarso Wara Chala",2019,12,"Jarso_Wara_Chala__35_NDVI_mean.tif"
"Jarso Wara Chala",2020,6,"Jarso_Wara_Chala__41_NDVI_mean.tif"
"Jarso Wara Chala",2020,12,"Jarso_Wara_Chala__47_NDVI_mean.tif"
"Jarso Wara Chala",2021,6,"Jarso_Wara_Chala__53_NDVI_mean.tif"
"Jarso Wara Chala",2021,12,"Jarso_Wara_Chala__59_NDVI_mean.tif"
"Jarso Wara Chala",2022,6,"Jarso_Wara_Chala__65_NDVI_mean.tif"
"Jarso Wara Chala",2022,12,"Jarso_Wara_Chala__71_NDVI_mean.tif"
"Jarso Wara Chala",2023,6,"Jarso_Wara_Chala__77_NDVI_mean.tif"
"Jarso Wara Chala",2023,12,"Jarso_Wara_Chala__83_NDVI_mean.tif"
"Melkabelo Ido Lencha",2017,6,"Melkabelo_Ido_Lencha__5_NDVI_mean.tif"
"Melkabelo Ido Lencha",2017,12,"Melkabelo_Ido_Lencha__11_NDVI_mean.tif"
"Melkabelo Ido Lencha",2018,6,"Melkabelo_Ido_Lencha__17_NDVI_mean.tif"
"Melkabelo Ido Lencha",2018,12,"Melkabelo_Ido_Lencha__23_NDVI_mean.tif"
"Melkabelo Ido Lencha",2019,6,"Melkabelo_Ido_Lencha__29_NDVI_mean.tif"
"Melkabelo Ido Lencha",2019,12,"Melkabelo_Ido_Lencha__35_NDVI_mean.tif"
"Melkabelo Ido Lencha",2020,6,"Melkabelo_Ido_Lencha__41_NDVI_mean.tif"
"Melkabelo Ido Lencha",2020,12,"Melkabelo_Ido_Lencha__47_NDVI_mean.tif"
"Melkabelo Ido Lencha",2021,6,"Melkabelo_Ido_Lencha__53_NDVI_mean.tif"
"Melkabelo Ido Lencha",2021,12,"Melkabelo_Ido_Lencha__59_NDVI_mean.tif"
"Melkabelo Ido Lencha",2022,6,"Melkabelo_Ido_Lencha__65_NDVI_mean.tif"
"Melkabelo Ido Lencha",2022,12,"Melkabelo_Ido_Lencha__71_NDVI_mean.tif"
"Melkabelo Ido Lencha",2023,6,"Melkabelo_Ido_Lencha__77_NDVI_mean.tif"
"Melkabelo Ido Lencha",2023,12,"Melkabelo_Ido_Lencha__83_NDVI_mean.tif"
"Melkabelo Gadame",2017,6,"Melkabelo_Gadame__5_NDVI_mean.tif"
"Melkabelo Gadame",2017,12,"Melkabelo_Gadame__11_NDVI_mean.tif"
"Melkabelo Gadame",2018,6,"Melkabelo_Gadame__17_NDVI_mean.tif"
"Melkabelo Gadame",2018,12,"Melkabelo_Gadame__23_NDVI_mean.tif"
"Melkabelo Gadame",2019,6,"Melkabelo_Gadame__29_NDVI_mean.tif"
"Melkabelo Gadame",2019,12,"Melkabelo_Gadame__35_NDVI_mean.tif"
"Melkabelo Gadame",2020,6,"Melkabelo_Gadame__41_NDVI_mean.tif"
"Melkabelo Gadame",2020,12,"Melkabelo_Gadame__47_NDVI_mean.tif"
"Melkabelo Gadame",2021,6,"Melkabelo_Gadame__53_NDVI_mean.tif"
"Melkabelo Gadame",2021,12,"Melkabelo_Gadame__59_NDVI_mean.tif"
"Melkabelo Gadame",2022,6,"Melkabelo_Gadame__65_NDVI_mean.tif"
"Melkabelo Gadame",2022,12,"Melkabelo_Gadame__71_NDVI_mean.tif"
"Melkabelo Gadame",2023,6,"Melkabelo_Gadame__77_NDVI_mean.tif"
"Melkabelo Gadame",2023,12,"Melkabelo_Gadame__83_NDVI_mean.tif"
